2026-07-06 11:15:20 [org.example.TestLogin.main()] WARN  org.hibernate.orm.deprecation - HHH90000025: SQLServerDialect does not need to be specified explicitly using 'hibernate.dialect' (remove the property setting and it will be selected by default)
2026-07-06 11:15:22 [org.example.TestLogin.main()] INFO  org.example.util.JPAUtil - JPAUtil: EntityManagerFactory created successfully for SportPU
2026-07-06 11:15:23 [org.example.TestLogin.main()] WARN  org.hibernate.engine.jdbc.spi.SqlExceptionHelper - SQL Error: 207, SQLState: S0001
2026-07-06 11:15:23 [org.example.TestLogin.main()] ERROR org.hibernate.engine.jdbc.spi.SqlExceptionHelper - Invalid column name 'AvatarUrl'.
2026-07-06 11:15:23 [org.example.TestLogin.main()] ERROR org.example.dao.impl.TaiKhoanDAOImpl - L?i ??ng nh?p khách hàng nhan111: JDBC exception executing SQL [select tk1_0.AccountID,tk1_0.AvatarUrl,tk1_0.CoSoID,tk1_0.CreatedAt,tk1_0.DeletedAt,tk1_0.DeletedBy,tk1_0.DiemTrinhDo,tk1_0.DiemUyTin,tk1_0.Email,tk1_0.FacebookID,tk1_0.FailedLoginCount,tk1_0.FullName,tk1_0.GioiTinh,tk1_0.GoogleID,tk1_0.IsDeleted,tk1_0.IsLocked,tk1_0.LastLogin,tk1_0.MaNganHang,tk1_0.MessengerID,tk1_0.NgaySinh,tk1_0.NhanThongBaoSOS,tk1_0.Password,tk1_0.PhoneNumber,tk1_0.RoleID,tk1_0.SoTaiKhoan,tk1_0.Username,tk1_0.ViTriSoTruong,tk1_0.ZaloID from Accounts tk1_0 where (tk1_0.Username=? or tk1_0.Email=?) and tk1_0.IsLocked=0 and (tk1_0.IsDeleted=0 or tk1_0.IsDeleted is null)] [Invalid column name 'AvatarUrl'.] [n/a]
org.hibernate.exception.SQLGrammarException: JDBC exception executing SQL [select tk1_0.AccountID,tk1_0.AvatarUrl,tk1_0.CoSoID,tk1_0.CreatedAt,tk1_0.DeletedAt,tk1_0.DeletedBy,tk1_0.DiemTrinhDo,tk1_0.DiemUyTin,tk1_0.Email,tk1_0.FacebookID,tk1_0.FailedLoginCount,tk1_0.FullName,tk1_0.GioiTinh,tk1_0.GoogleID,tk1_0.IsDeleted,tk1_0.IsLocked,tk1_0.LastLogin,tk1_0.MaNganHang,tk1_0.MessengerID,tk1_0.NgaySinh,tk1_0.NhanThongBaoSOS,tk1_0.Password,tk1_0.PhoneNumber,tk1_0.RoleID,tk1_0.SoTaiKhoan,tk1_0.Username,tk1_0.ViTriSoTruong,tk1_0.ZaloID from Accounts tk1_0 where (tk1_0.Username=? or tk1_0.Email=?) and tk1_0.IsLocked=0 and (tk1_0.IsDeleted=0 or tk1_0.IsDeleted is null)] [Invalid column name 'AvatarUrl'.] [n/a]
	at org.hibernate.exception.internal.SQLStateConversionDelegate.convert(SQLStateConversionDelegate.java:91) ~[hibernate-core-6.4.4.Final.jar:6.4.4.Final]
	at org.hibernate.exception.internal.StandardSQLExceptionConverter.convert(StandardSQLExceptionConverter.java:58) ~[hibernate-core-6.4.4.Final.jar:6.4.4.Final]
	at org.hibernate.engine.jdbc.spi.SqlExceptionHelper.convert(SqlExceptionHelper.java:108) ~[hibernate-core-6.4.4.Final.jar:6.4.4.Final]
	at org.hibernate.engine.jdbc.spi.SqlExceptionHelper.convert(SqlExceptionHelper.java:94) ~[hibernate-core-6.4.4.Final.jar:6.4.4.Final]
	at org.hibernate.sql.results.jdbc.internal.DeferredResultSetAccess.executeQuery(DeferredResultSetAccess.java:265) ~[hibernate-core-6.4.4.Final.jar:6.4.4.Final]
	at org.hibernate.sql.results.jdbc.internal.DeferredResultSetAccess.getResultSet(DeferredResultSetAccess.java:167) ~[hibernate-core-6.4.4.Final.jar:6.4.4.Final]
	at org.hibernate.sql.results.jdbc.internal.JdbcValuesResultSetImpl.advanceNext(JdbcValuesResultSetImpl.java:218) ~[hibernate-core-6.4.4.Final.jar:6.4.4.Final]
	at org.hibernate.sql.results.jdbc.internal.JdbcValuesResultSetImpl.processNext(JdbcValuesResultSetImpl.java:98) ~[hibernate-core-6.4.4.Final.jar:6.4.4.Final]
	at org.hibernate.sql.results.jdbc.internal.AbstractJdbcValues.next(AbstractJdbcValues.java:19) ~[hibernate-core-6.4.4.Final.jar:6.4.4.Final]
	at org.hibernate.sql.results.internal.RowProcessingStateStandardImpl.next(RowProcessingStateStandardImpl.java:66) ~[hibernate-core-6.4.4.Final.jar:6.4.4.Final]
	at org.hibernate.sql.results.spi.ListResultsConsumer.consume(ListResultsConsumer.java:202) ~[hibernate-core-6.4.4.Final.jar:6.4.4.Final]
	at org.hibernate.sql.results.spi.ListResultsConsumer.consume(ListResultsConsumer.java:33) ~[hibernate-core-6.4.4.Final.jar:6.4.4.Final]
	at org.hibernate.sql.exec.internal.JdbcSelectExecutorStandardImpl.doExecuteQuery(JdbcSelectExecutorStandardImpl.java:209) ~[hibernate-core-6.4.4.Final.jar:6.4.4.Final]
	at org.hibernate.sql.exec.internal.JdbcSelectExecutorStandardImpl.executeQuery(JdbcSelectExecutorStandardImpl.java:83) ~[hibernate-core-6.4.4.Final.jar:6.4.4.Final]
	at org.hibernate.sql.exec.spi.JdbcSelectExecutor.list(JdbcSelectExecutor.java:76) ~[hibernate-core-6.4.4.Final.jar:6.4.4.Final]
	at org.hibernate.sql.exec.spi.JdbcSelectExecutor.list(JdbcSelectExecutor.java:65) ~[hibernate-core-6.4.4.Final.jar:6.4.4.Final]
	at org.hibernate.query.sqm.internal.ConcreteSqmSelectQueryPlan.lambda$new$2(ConcreteSqmSelectQueryPlan.java:137) ~[hibernate-core-6.4.4.Final.jar:6.4.4.Final]
	at org.hibernate.query.sqm.internal.ConcreteSqmSelectQueryPlan.withCacheableSqmInterpretation(ConcreteSqmSelectQueryPlan.java:362) ~[hibernate-core-6.4.4.Final.jar:6.4.4.Final]
	at org.hibernate.query.sqm.internal.ConcreteSqmSelectQueryPlan.performList(ConcreteSqmSelectQueryPlan.java:303) ~[hibernate-core-6.4.4.Final.jar:6.4.4.Final]
	at org.hibernate.query.sqm.internal.QuerySqmImpl.doList(QuerySqmImpl.java:509) ~[hibernate-core-6.4.4.Final.jar:6.4.4.Final]
	at org.hibernate.query.spi.AbstractSelectionQuery.list(AbstractSelectionQuery.java:427) ~[hibernate-core-6.4.4.Final.jar:6.4.4.Final]
	at org.hibernate.query.Query.getResultList(Query.java:120) ~[hibernate-core-6.4.4.Final.jar:6.4.4.Final]
	at org.example.dao.impl.TaiKhoanDAOImpl.dangNhapKhachHang(TaiKhoanDAOImpl.java:368) ~[classes/:?]
	at org.example.TestLogin.main(TestLogin.java:10) ~[classes/:?]
	at jdk.internal.reflect.NativeMethodAccessorImpl.invoke0(Native Method) ~[?:?]
	at jdk.internal.reflect.NativeMethodAccessorImpl.invoke(NativeMethodAccessorImpl.java:77) ~[?:?]
	at jdk.internal.reflect.DelegatingMethodAccessorImpl.invoke(DelegatingMethodAccessorImpl.java:43) ~[?:?]
	at java.lang.reflect.Method.invoke(Method.java:569) ~[?:?]
	at org.codehaus.mojo.exec.AbstractExecJavaBase.executeMainMethod(AbstractExecJavaBase.java:402) ~[?:?]
	at org.codehaus.mojo.exec.ExecJavaMojo.executeMainMethod(ExecJavaMojo.java:142) ~[?:?]
	at org.codehaus.mojo.exec.AbstractExecJavaBase.doExecClassLoader(AbstractExecJavaBase.java:377) ~[?:?]
	at org.codehaus.mojo.exec.AbstractExecJavaBase.lambda$execute$0(AbstractExecJavaBase.java:287) ~[?:?]
	at java.lang.Thread.run(Thread.java:840) [?:?]
Caused by: com.microsoft.sqlserver.jdbc.SQLServerException: Invalid column name 'AvatarUrl'.
	at com.microsoft.sqlserver.jdbc.SQLServerException.makeFromDatabaseError(SQLServerException.java:259) ~[mssql-jdbc-12.4.2.jre11.jar:?]
	at com.microsoft.sqlserver.jdbc.SQLServerStatement.getNextResult(SQLServerStatement.java:1695) ~[mssql-jdbc-12.4.2.jre11.jar:?]
	at com.microsoft.sqlserver.jdbc.SQLServerPreparedStatement.doExecutePreparedStatement(SQLServerPreparedStatement.java:648) ~[mssql-jdbc-12.4.2.jre11.jar:?]
	at com.microsoft.sqlserver.jdbc.SQLServerPreparedStatement$PrepStmtExecCmd.doExecute(SQLServerPreparedStatement.java:567) ~[mssql-jdbc-12.4.2.jre11.jar:?]
	at com.microsoft.sqlserver.jdbc.TDSCommand.execute(IOBuffer.java:7675) ~[mssql-jdbc-12.4.2.jre11.jar:?]
	at com.microsoft.sqlserver.jdbc.SQLServerConnection.executeCommand(SQLServerConnection.java:4137) ~[mssql-jdbc-12.4.2.jre11.jar:?]
	at com.microsoft.sqlserver.jdbc.SQLServerStatement.executeCommand(SQLServerStatement.java:272) ~[mssql-jdbc-12.4.2.jre11.jar:?]
	at com.microsoft.sqlserver.jdbc.SQLServerStatement.executeStatement(SQLServerStatement.java:246) ~[mssql-jdbc-12.4.2.jre11.jar:?]
	at com.microsoft.sqlserver.jdbc.SQLServerPreparedStatement.executeQuery(SQLServerPreparedStatement.java:485) ~[mssql-jdbc-12.4.2.jre11.jar:?]
	at com.zaxxer.hikari.pool.ProxyPreparedStatement.executeQuery(ProxyPreparedStatement.java:52) ~[HikariCP-5.1.0.jar:?]
	at com.zaxxer.hikari.pool.HikariProxyPreparedStatement.executeQuery(HikariProxyPreparedStatement.java) ~[HikariCP-5.1.0.jar:?]
	at org.hibernate.sql.results.jdbc.internal.DeferredResultSetAccess.executeQuery(DeferredResultSetAccess.java:246) ~[hibernate-core-6.4.4.Final.jar:6.4.4.Final]
	... 28 more
2026-07-06 11:16:02 [org.example.TestLogin.main()] WARN  org.hibernate.orm.deprecation - HHH90000025: SQLServerDialect does not need to be specified explicitly using 'hibernate.dialect' (remove the property setting and it will be selected by default)
2026-07-06 11:16:04 [org.example.TestLogin.main()] INFO  org.example.util.JPAUtil - JPAUtil: EntityManagerFactory created successfully for SportPU
2026-07-06 13:36:42 [org.example.TestValidation.main()] WARN  org.hibernate.orm.deprecation - HHH90000025: SQLServerDialect does not need to be specified explicitly using 'hibernate.dialect' (remove the property setting and it will be selected by default)
2026-07-06 13:36:44 [org.example.TestValidation.main()] INFO  org.example.util.JPAUtil - JPAUtil: EntityManagerFactory created successfully for SportPU
2026-07-06 13:38:06 [org.example.TestStaffList.main()] WARN  org.hibernate.orm.deprecation - HHH90000025: SQLServerDialect does not need to be specified explicitly using 'hibernate.dialect' (remove the property setting and it will be selected by default)
2026-07-06 13:38:08 [org.example.TestStaffList.main()] INFO  org.example.util.JPAUtil - JPAUtil: EntityManagerFactory created successfully for SportPU
2026-07-06 13:38:09 [org.example.TestStaffList.main()] INFO  org.example.util.DBUtil - DBUtil: HikariCP data source initialized successfully
2026-07-06 17:16:19 [main] INFO  org.example.util.DBUtil - DBUtil: HikariCP data source initialized successfully
2026-07-06 17:16:34 [main] INFO  org.example.util.DBUtil - DBUtil: HikariCP data source initialized successfully
2026-07-06 17:16:46 [main] INFO  org.example.util.DBUtil - DBUtil: HikariCP data source initialized successfully
2026-07-06 17:16:47 [main] ERROR org.example.util.JPAUtil - JPAUtil: Initial EntityManagerFactory creation failed: 'void org.hibernate.engine.jdbc.connections.internal.ConnectionProviderInitiator.consumeSetting(java.util.Map, org.hibernate.engine.jdbc.connections.internal.ConnectionProviderInitiator$SettingConsumer, java.lang.String[])'
java.lang.NoSuchMethodError: 'void org.hibernate.engine.jdbc.connections.internal.ConnectionProviderInitiator.consumeSetting(java.util.Map, org.hibernate.engine.jdbc.connections.internal.ConnectionProviderInitiator$SettingConsumer, java.lang.String[])'
	at org.hibernate.hikaricp.internal.HikariConfigurationUtil.copyProperty(HikariConfigurationUtil.java:95) ~[hibernate-hikaricp-6.4.4.Final.jar:6.4.4.Final]
	at org.hibernate.hikaricp.internal.HikariConfigurationUtil.loadConfiguration(HikariConfigurationUtil.java:41) ~[hibernate-hikaricp-6.4.4.Final.jar:6.4.4.Final]
	at org.hibernate.hikaricp.internal.HikariCPConnectionProvider.configure(HikariCPConnectionProvider.java:57) ~[hibernate-hikaricp-6.4.4.Final.jar:6.4.4.Final]
	at org.hibernate.boot.registry.internal.StandardServiceRegistryImpl.configureService(StandardServiceRegistryImpl.java:125) ~[hibernate-core-6.2.7.Final.jar:6.2.7.Final]
	at org.hibernate.service.internal.AbstractServiceRegistryImpl.initializeService(AbstractServiceRegistryImpl.java:248) ~[hibernate-core-6.2.7.Final.jar:6.2.7.Final]
	at org.hibernate.service.internal.AbstractServiceRegistryImpl.getService(AbstractServiceRegistryImpl.java:216) ~[hibernate-core-6.2.7.Final.jar:6.2.7.Final]
	at org.hibernate.engine.jdbc.env.internal.JdbcEnvironmentInitiator.buildJdbcConnectionAccess(JdbcEnvironmentInitiator.java:283) ~[hibernate-core-6.2.7.Final.jar:6.2.7.Final]
	at org.hibernate.engine.jdbc.env.internal.JdbcEnvironmentInitiator.initiateService(JdbcEnvironmentInitiator.java:150) ~[hibernate-core-6.2.7.Final.jar:6.2.7.Final]
	at org.hibernate.engine.jdbc.env.internal.JdbcEnvironmentInitiator.initiateService(JdbcEnvironmentInitiator.java:34) ~[hibernate-core-6.2.7.Final.jar:6.2.7.Final]
	at org.hibernate.boot.registry.internal.StandardServiceRegistryImpl.initiateService(StandardServiceRegistryImpl.java:119) ~[hibernate-core-6.2.7.Final.jar:6.2.7.Final]
	at org.hibernate.service.internal.AbstractServiceRegistryImpl.createService(AbstractServiceRegistryImpl.java:264) ~[hibernate-core-6.2.7.Final.jar:6.2.7.Final]
	at org.hibernate.service.internal.AbstractServiceRegistryImpl.initializeService(AbstractServiceRegistryImpl.java:239) ~[hibernate-core-6.2.7.Final.jar:6.2.7.Final]
	at org.hibernate.service.internal.AbstractServiceRegistryImpl.getService(AbstractServiceRegistryImpl.java:216) ~[hibernate-core-6.2.7.Final.jar:6.2.7.Final]
	at org.hibernate.boot.model.relational.Database.<init>(Database.java:45) ~[hibernate-core-6.2.7.Final.jar:6.2.7.Final]
	at org.hibernate.boot.internal.InFlightMetadataCollectorImpl.getDatabase(InFlightMetadataCollectorImpl.java:230) ~[hibernate-core-6.2.7.Final.jar:6.2.7.Final]
	at org.hibernate.boot.internal.InFlightMetadataCollectorImpl.<init>(InFlightMetadataCollectorImpl.java:198) ~[hibernate-core-6.2.7.Final.jar:6.2.7.Final]
	at org.hibernate.boot.model.process.spi.MetadataBuildingProcess.complete(MetadataBuildingProcess.java:166) ~[hibernate-core-6.2.7.Final.jar:6.2.7.Final]
	at org.hibernate.jpa.boot.internal.EntityManagerFactoryBuilderImpl.metadata(EntityManagerFactoryBuilderImpl.java:1380) ~[hibernate-core-6.2.7.Final.jar:6.2.7.Final]
	at org.hibernate.jpa.boot.internal.EntityManagerFactoryBuilderImpl.build(EntityManagerFactoryBuilderImpl.java:1451) ~[hibernate-core-6.2.7.Final.jar:6.2.7.Final]
	at org.hibernate.jpa.HibernatePersistenceProvider.createEntityManagerFactory(HibernatePersistenceProvider.java:55) ~[hibernate-core-6.2.7.Final.jar:6.2.7.Final]
	at jakarta.persistence.Persistence.createEntityManagerFactory(Persistence.java:80) ~[jakarta.persistence-api-3.1.0.jar:3.1.0]
	at jakarta.persistence.Persistence.createEntityManagerFactory(Persistence.java:55) ~[jakarta.persistence-api-3.1.0.jar:3.1.0]
	at org.example.util.JPAUtil.<clinit>(JPAUtil.java:15) [classes/:?]
	at org.example.dao.impl.TaiKhoanDAOImpl.getAccountById(TaiKhoanDAOImpl.java:71) [classes/:?]
	at org.example.service.manager.CaLamService.createShift(CaLamService.java:241) [classes/:?]
	at org.example.controller.QuanLyCaLamManagerServlet.handleAddOrUpdate(QuanLyCaLamManagerServlet.java:272) [classes/:?]
	at org.example.controller.QuanLyCaLamManagerServlet.doPost(QuanLyCaLamManagerServlet.java:118) [classes/:?]
	at jdk.internal.reflect.NativeMethodAccessorImpl.invoke0(Native Method) ~[?:?]
	at jdk.internal.reflect.NativeMethodAccessorImpl.invoke(NativeMethodAccessorImpl.java:77) ~[?:?]
	at jdk.internal.reflect.DelegatingMethodAccessorImpl.invoke(DelegatingMethodAccessorImpl.java:43) ~[?:?]
	at java.lang.reflect.Method.invoke(Method.java:569) ~[?:?]
	at TestRunner.invokeServlet(TestRunner.java:232) [scratch/:?]
	at TestRunner.runTC01(TestRunner.java:255) [scratch/:?]
	at TestRunner.main(TestRunner.java:30) [scratch/:?]
2026-07-06 17:17:03 [main] INFO  org.example.util.DBUtil - DBUtil: HikariCP data source initialized successfully
2026-07-06 17:17:04 [main] ERROR org.example.util.JPAUtil - JPAUtil: Initial EntityManagerFactory creation failed: org/hibernate/annotations/common/reflection/ReflectionManager
java.lang.NoClassDefFoundError: org/hibernate/annotations/common/reflection/ReflectionManager
	at org.hibernate.boot.internal.MetadataBuilderImpl.<init>(MetadataBuilderImpl.java:140) ~[hibernate-core-6.4.4.Final.jar:6.4.4.Final]
	at org.hibernate.boot.MetadataSources.getMetadataBuilder(MetadataSources.java:164) ~[hibernate-core-6.4.4.Final.jar:6.4.4.Final]
	at org.hibernate.jpa.boot.internal.EntityManagerFactoryBuilderImpl.<init>(EntityManagerFactoryBuilderImpl.java:277) ~[hibernate-core-6.4.4.Final.jar:6.4.4.Final]
	at org.hibernate.jpa.boot.internal.EntityManagerFactoryBuilderImpl.<init>(EntityManagerFactoryBuilderImpl.java:205) ~[hibernate-core-6.4.4.Final.jar:6.4.4.Final]
	at org.hibernate.jpa.boot.spi.Bootstrap.getEntityManagerFactoryBuilder(Bootstrap.java:78) ~[hibernate-core-6.4.4.Final.jar:6.4.4.Final]
	at org.hibernate.jpa.HibernatePersistenceProvider.getEntityManagerFactoryBuilder(HibernatePersistenceProvider.java:174) ~[hibernate-core-6.4.4.Final.jar:6.4.4.Final]
	at org.hibernate.jpa.HibernatePersistenceProvider.getEntityManagerFactoryBuilderOrNull(HibernatePersistenceProvider.java:119) ~[hibernate-core-6.4.4.Final.jar:6.4.4.Final]
	at org.hibernate.jpa.HibernatePersistenceProvider.getEntityManagerFactoryBuilderOrNull(HibernatePersistenceProvider.java:59) ~[hibernate-core-6.4.4.Final.jar:6.4.4.Final]
	at org.hibernate.jpa.HibernatePersistenceProvider.createEntityManagerFactory(HibernatePersistenceProvider.java:50) ~[hibernate-core-6.4.4.Final.jar:6.4.4.Final]
	at jakarta.persistence.Persistence.createEntityManagerFactory(Persistence.java:80) ~[jakarta.persistence-api-3.1.0.jar:3.1.0]
	at jakarta.persistence.Persistence.createEntityManagerFactory(Persistence.java:55) ~[jakarta.persistence-api-3.1.0.jar:3.1.0]
	at org.example.util.JPAUtil.<clinit>(JPAUtil.java:15) [classes/:?]
	at org.example.dao.impl.TaiKhoanDAOImpl.getAccountById(TaiKhoanDAOImpl.java:71) [classes/:?]
	at org.example.service.manager.CaLamService.createShift(CaLamService.java:241) [classes/:?]
	at org.example.controller.QuanLyCaLamManagerServlet.handleAddOrUpdate(QuanLyCaLamManagerServlet.java:272) [classes/:?]
	at org.example.controller.QuanLyCaLamManagerServlet.doPost(QuanLyCaLamManagerServlet.java:118) [classes/:?]
	at jdk.internal.reflect.NativeMethodAccessorImpl.invoke0(Native Method) ~[?:?]
	at jdk.internal.reflect.NativeMethodAccessorImpl.invoke(NativeMethodAccessorImpl.java:77) ~[?:?]
	at jdk.internal.reflect.DelegatingMethodAccessorImpl.invoke(DelegatingMethodAccessorImpl.java:43) ~[?:?]
	at java.lang.reflect.Method.invoke(Method.java:569) ~[?:?]
	at TestRunner.invokeServlet(TestRunner.java:232) [scratch/:?]
	at TestRunner.runTC01(TestRunner.java:255) [scratch/:?]
	at TestRunner.main(TestRunner.java:30) [scratch/:?]
Caused by: java.lang.ClassNotFoundException: org.hibernate.annotations.common.reflection.ReflectionManager
	at jdk.internal.loader.BuiltinClassLoader.loadClass(BuiltinClassLoader.java:641) ~[?:?]
	at jdk.internal.loader.ClassLoaders$AppClassLoader.loadClass(ClassLoaders.java:188) ~[?:?]
	at java.lang.ClassLoader.loadClass(ClassLoader.java:525) ~[?:?]
	... 23 more
2026-07-06 17:17:15 [main] INFO  org.example.util.DBUtil - DBUtil: HikariCP data source initialized successfully
2026-07-06 17:17:16 [main] ERROR org.example.util.JPAUtil - JPAUtil: Initial EntityManagerFactory creation failed: org/jboss/jandex/DotName
java.lang.NoClassDefFoundError: org/jboss/jandex/DotName
	at org.hibernate.boot.archive.scan.spi.ClassFileArchiveEntryHandler.<clinit>(ClassFileArchiveEntryHandler.java:35) ~[hibernate-core-6.4.4.Final.jar:6.4.4.Final]
	at org.hibernate.boot.archive.scan.spi.AbstractScannerImpl$ArchiveContextImpl.<init>(AbstractScannerImpl.java:118) ~[hibernate-core-6.4.4.Final.jar:6.4.4.Final]
	at org.hibernate.boot.archive.scan.spi.AbstractScannerImpl.scan(AbstractScannerImpl.java:38) ~[hibernate-core-6.4.4.Final.jar:6.4.4.Final]
	at org.hibernate.boot.model.process.internal.ScanningCoordinator.coordinateScan(ScanningCoordinator.java:75) ~[hibernate-core-6.4.4.Final.jar:6.4.4.Final]
	at org.hibernate.boot.model.process.spi.MetadataBuildingProcess.prepare(MetadataBuildingProcess.java:150) ~[hibernate-core-6.4.4.Final.jar:6.4.4.Final]
	at org.hibernate.jpa.boot.internal.EntityManagerFactoryBuilderImpl.<init>(EntityManagerFactoryBuilderImpl.java:296) ~[hibernate-core-6.4.4.Final.jar:6.4.4.Final]
	at org.hibernate.jpa.boot.internal.EntityManagerFactoryBuilderImpl.<init>(EntityManagerFactoryBuilderImpl.java:205) ~[hibernate-core-6.4.4.Final.jar:6.4.4.Final]
	at org.hibernate.jpa.boot.spi.Bootstrap.getEntityManagerFactoryBuilder(Bootstrap.java:78) ~[hibernate-core-6.4.4.Final.jar:6.4.4.Final]
	at org.hibernate.jpa.HibernatePersistenceProvider.getEntityManagerFactoryBuilder(HibernatePersistenceProvider.java:174) ~[hibernate-core-6.4.4.Final.jar:6.4.4.Final]
	at org.hibernate.jpa.HibernatePersistenceProvider.getEntityManagerFactoryBuilderOrNull(HibernatePersistenceProvider.java:119) ~[hibernate-core-6.4.4.Final.jar:6.4.4.Final]
	at org.hibernate.jpa.HibernatePersistenceProvider.getEntityManagerFactoryBuilderOrNull(HibernatePersistenceProvider.java:59) ~[hibernate-core-6.4.4.Final.jar:6.4.4.Final]
	at org.hibernate.jpa.HibernatePersistenceProvider.createEntityManagerFactory(HibernatePersistenceProvider.java:50) ~[hibernate-core-6.4.4.Final.jar:6.4.4.Final]
	at jakarta.persistence.Persistence.createEntityManagerFactory(Persistence.java:80) ~[jakarta.persistence-api-3.1.0.jar:3.1.0]
	at jakarta.persistence.Persistence.createEntityManagerFactory(Persistence.java:55) ~[jakarta.persistence-api-3.1.0.jar:3.1.0]
	at org.example.util.JPAUtil.<clinit>(JPAUtil.java:15) [classes/:?]
	at org.example.dao.impl.TaiKhoanDAOImpl.getAccountById(TaiKhoanDAOImpl.java:71) [classes/:?]
	at org.example.service.manager.CaLamService.createShift(CaLamService.java:241) [classes/:?]
	at org.example.controller.QuanLyCaLamManagerServlet.handleAddOrUpdate(QuanLyCaLamManagerServlet.java:272) [classes/:?]
	at org.example.controller.QuanLyCaLamManagerServlet.doPost(QuanLyCaLamManagerServlet.java:118) [classes/:?]
	at jdk.internal.reflect.NativeMethodAccessorImpl.invoke0(Native Method) ~[?:?]
	at jdk.internal.reflect.NativeMethodAccessorImpl.invoke(NativeMethodAccessorImpl.java:77) ~[?:?]
	at jdk.internal.reflect.DelegatingMethodAccessorImpl.invoke(DelegatingMethodAccessorImpl.java:43) ~[?:?]
	at java.lang.reflect.Method.invoke(Method.java:569) ~[?:?]
	at TestRunner.invokeServlet(TestRunner.java:232) [scratch/:?]
	at TestRunner.runTC01(TestRunner.java:255) [scratch/:?]
	at TestRunner.main(TestRunner.java:30) [scratch/:?]
Caused by: java.lang.ClassNotFoundException: org.jboss.jandex.DotName
	at jdk.internal.loader.BuiltinClassLoader.loadClass(BuiltinClassLoader.java:641) ~[?:?]
	at jdk.internal.loader.ClassLoaders$AppClassLoader.loadClass(ClassLoaders.java:188) ~[?:?]
	at java.lang.ClassLoader.loadClass(ClassLoader.java:525) ~[?:?]
	... 26 more
2026-07-06 17:17:26 [main] INFO  org.example.util.DBUtil - DBUtil: HikariCP data source initialized successfully
2026-07-06 17:17:27 [main] WARN  org.hibernate.orm.deprecation - HHH90000025: SQLServerDialect does not need to be specified explicitly using 'hibernate.dialect' (remove the property setting and it will be selected by default)
2026-07-06 17:17:29 [main] INFO  org.example.util.JPAUtil - JPAUtil: EntityManagerFactory created successfully for SportPU
2026-07-06 17:17:29 [main] ERROR org.example.controller.QuanLyCaLamManagerServlet - Unexpected error in doPost: Null value was assigned to a property [class org.example.model.CoSo.isDeleted] of primitive type: 'org.example.model.CoSo.isDeleted' (setter)
org.hibernate.PropertyAccessException: Null value was assigned to a property [class org.example.model.CoSo.isDeleted] of primitive type: 'org.example.model.CoSo.isDeleted' (setter)
	at org.hibernate.property.access.spi.SetterFieldImpl.set(SetterFieldImpl.java:63) ~[hibernate-core-6.4.4.Final.jar:6.4.4.Final]
	at org.hibernate.persister.entity.AbstractEntityPersister.setPropertyValues(AbstractEntityPersister.java:4476) ~[hibernate-core-6.4.4.Final.jar:6.4.4.Final]
	at org.hibernate.sql.results.graph.entity.AbstractEntityInitializer.initializeEntityInstance(AbstractEntityInitializer.java:853) ~[hibernate-core-6.4.4.Final.jar:6.4.4.Final]
	at org.hibernate.sql.results.graph.entity.AbstractEntityInitializer.initializeEntity(AbstractEntityInitializer.java:813) ~[hibernate-core-6.4.4.Final.jar:6.4.4.Final]
	at org.hibernate.sql.results.graph.entity.AbstractEntityInitializer.initializeInstance(AbstractEntityInitializer.java:799) ~[hibernate-core-6.4.4.Final.jar:6.4.4.Final]
	at org.hibernate.sql.results.internal.InitializersList.initializeInstance(InitializersList.java:70) ~[hibernate-core-6.4.4.Final.jar:6.4.4.Final]
	at org.hibernate.sql.results.internal.StandardRowReader.coordinateInitializers(StandardRowReader.java:109) ~[hibernate-core-6.4.4.Final.jar:6.4.4.Final]
	at org.hibernate.sql.results.internal.StandardRowReader.readRow(StandardRowReader.java:86) ~[hibernate-core-6.4.4.Final.jar:6.4.4.Final]
	at org.hibernate.sql.results.spi.ListResultsConsumer.consume(ListResultsConsumer.java:188) ~[hibernate-core-6.4.4.Final.jar:6.4.4.Final]
	at org.hibernate.sql.results.spi.ListResultsConsumer.consume(ListResultsConsumer.java:33) ~[hibernate-core-6.4.4.Final.jar:6.4.4.Final]
	at org.hibernate.sql.exec.internal.JdbcSelectExecutorStandardImpl.doExecuteQuery(JdbcSelectExecutorStandardImpl.java:209) ~[hibernate-core-6.4.4.Final.jar:6.4.4.Final]
	at org.hibernate.sql.exec.internal.JdbcSelectExecutorStandardImpl.executeQuery(JdbcSelectExecutorStandardImpl.java:83) ~[hibernate-core-6.4.4.Final.jar:6.4.4.Final]
	at org.hibernate.sql.exec.spi.JdbcSelectExecutor.list(JdbcSelectExecutor.java:76) ~[hibernate-core-6.4.4.Final.jar:6.4.4.Final]
	at org.hibernate.sql.exec.spi.JdbcSelectExecutor.list(JdbcSelectExecutor.java:65) ~[hibernate-core-6.4.4.Final.jar:6.4.4.Final]
	at org.hibernate.loader.ast.internal.SingleIdLoadPlan.load(SingleIdLoadPlan.java:145) ~[hibernate-core-6.4.4.Final.jar:6.4.4.Final]
	at org.hibernate.loader.ast.internal.SingleIdLoadPlan.load(SingleIdLoadPlan.java:117) ~[hibernate-core-6.4.4.Final.jar:6.4.4.Final]
	at org.hibernate.loader.ast.internal.SingleIdEntityLoaderStandardImpl.load(SingleIdEntityLoaderStandardImpl.java:75) ~[hibernate-core-6.4.4.Final.jar:6.4.4.Final]
	at org.hibernate.persister.entity.AbstractEntityPersister.doLoad(AbstractEntityPersister.java:3748) ~[hibernate-core-6.4.4.Final.jar:6.4.4.Final]
	at org.hibernate.persister.entity.AbstractEntityPersister.load(AbstractEntityPersister.java:3737) ~[hibernate-core-6.4.4.Final.jar:6.4.4.Final]
	at org.hibernate.event.internal.DefaultLoadEventListener.loadFromDatasource(DefaultLoadEventListener.java:604) ~[hibernate-core-6.4.4.Final.jar:6.4.4.Final]
	at org.hibernate.event.internal.DefaultLoadEventListener.loadFromCacheOrDatasource(DefaultLoadEventListener.java:590) ~[hibernate-core-6.4.4.Final.jar:6.4.4.Final]
	at org.hibernate.event.internal.DefaultLoadEventListener.load(DefaultLoadEventListener.java:560) ~[hibernate-core-6.4.4.Final.jar:6.4.4.Final]
	at org.hibernate.event.internal.DefaultLoadEventListener.doLoad(DefaultLoadEventListener.java:544) ~[hibernate-core-6.4.4.Final.jar:6.4.4.Final]
	at org.hibernate.event.internal.DefaultLoadEventListener.load(DefaultLoadEventListener.java:207) ~[hibernate-core-6.4.4.Final.jar:6.4.4.Final]
	at org.hibernate.event.internal.DefaultLoadEventListener.loadWithRegularProxy(DefaultLoadEventListener.java:290) ~[hibernate-core-6.4.4.Final.jar:6.4.4.Final]
	at org.hibernate.event.internal.DefaultLoadEventListener.proxyOrLoad(DefaultLoadEventListener.java:242) ~[hibernate-core-6.4.4.Final.jar:6.4.4.Final]
	at org.hibernate.event.internal.DefaultLoadEventListener.doOnLoad(DefaultLoadEventListener.java:111) ~[hibernate-core-6.4.4.Final.jar:6.4.4.Final]
	at org.hibernate.event.internal.DefaultLoadEventListener.onLoad(DefaultLoadEventListener.java:68) ~[hibernate-core-6.4.4.Final.jar:6.4.4.Final]
	at org.hibernate.event.service.internal.EventListenerGroupImpl.fireEventOnEachListener(EventListenerGroupImpl.java:138) ~[hibernate-core-6.4.4.Final.jar:6.4.4.Final]
	at org.hibernate.internal.SessionImpl.fireLoadNoChecks(SessionImpl.java:1222) ~[hibernate-core-6.4.4.Final.jar:6.4.4.Final]
	at org.hibernate.internal.SessionImpl.fireLoad(SessionImpl.java:1210) ~[hibernate-core-6.4.4.Final.jar:6.4.4.Final]
	at org.hibernate.loader.internal.IdentifierLoadAccessImpl.load(IdentifierLoadAccessImpl.java:209) ~[hibernate-core-6.4.4.Final.jar:6.4.4.Final]
	at org.hibernate.loader.internal.IdentifierLoadAccessImpl.doLoad(IdentifierLoadAccessImpl.java:160) ~[hibernate-core-6.4.4.Final.jar:6.4.4.Final]
	at org.hibernate.loader.internal.IdentifierLoadAccessImpl.lambda$load$1(IdentifierLoadAccessImpl.java:149) ~[hibernate-core-6.4.4.Final.jar:6.4.4.Final]
	at org.hibernate.loader.internal.IdentifierLoadAccessImpl.perform(IdentifierLoadAccessImpl.java:112) ~[hibernate-core-6.4.4.Final.jar:6.4.4.Final]
	at org.hibernate.loader.internal.IdentifierLoadAccessImpl.load(IdentifierLoadAccessImpl.java:149) ~[hibernate-core-6.4.4.Final.jar:6.4.4.Final]
	at org.hibernate.internal.SessionImpl.find(SessionImpl.java:2424) ~[hibernate-core-6.4.4.Final.jar:6.4.4.Final]
	at org.hibernate.internal.SessionImpl.find(SessionImpl.java:2390) ~[hibernate-core-6.4.4.Final.jar:6.4.4.Final]
	at org.example.dao.impl.CoSoDAOImpl.getCoSoById(CoSoDAOImpl.java:34) ~[classes/:?]
	at org.example.util.CaLamValidationEngine.validateShift(CaLamValidationEngine.java:193) ~[classes/:?]
	at org.example.service.manager.CaLamService.createShift(CaLamService.java:287) ~[classes/:?]
	at org.example.controller.QuanLyCaLamManagerServlet.handleAddOrUpdate(QuanLyCaLamManagerServlet.java:272) ~[classes/:?]
	at org.example.controller.QuanLyCaLamManagerServlet.doPost(QuanLyCaLamManagerServlet.java:118) [classes/:?]
	at jdk.internal.reflect.NativeMethodAccessorImpl.invoke0(Native Method) ~[?:?]
	at jdk.internal.reflect.NativeMethodAccessorImpl.invoke(NativeMethodAccessorImpl.java:77) ~[?:?]
	at jdk.internal.reflect.DelegatingMethodAccessorImpl.invoke(DelegatingMethodAccessorImpl.java:43) ~[?:?]
	at java.lang.reflect.Method.invoke(Method.java:569) ~[?:?]
	at TestRunner.invokeServlet(TestRunner.java:232) [scratch/:?]
	at TestRunner.runTC01(TestRunner.java:255) [scratch/:?]
	at TestRunner.main(TestRunner.java:30) [scratch/:?]
Caused by: java.lang.IllegalArgumentException: Can not set boolean field org.example.model.CoSo.isDeleted to null value
	at jdk.internal.reflect.UnsafeFieldAccessorImpl.throwSetIllegalArgumentException(UnsafeFieldAccessorImpl.java:167) ~[?:?]
	at jdk.internal.reflect.UnsafeFieldAccessorImpl.throwSetIllegalArgumentException(UnsafeFieldAccessorImpl.java:171) ~[?:?]
	at jdk.internal.reflect.UnsafeBooleanFieldAccessorImpl.set(UnsafeBooleanFieldAccessorImpl.java:80) ~[?:?]
	at java.lang.reflect.Field.set(Field.java:799) ~[?:?]
	at org.hibernate.property.access.spi.SetterFieldImpl.set(SetterFieldImpl.java:57) ~[hibernate-core-6.4.4.Final.jar:6.4.4.Final]
	... 49 more
2026-07-06 17:17:30 [main] ERROR org.example.controller.QuanLyCaLamManagerServlet - Unexpected error in doPost: Null value was assigned to a property [class org.example.model.CoSo.isDeleted] of primitive type: 'org.example.model.CoSo.isDeleted' (setter)
org.hibernate.PropertyAccessException: Null value was assigned to a property [class org.example.model.CoSo.isDeleted] of primitive type: 'org.example.model.CoSo.isDeleted' (setter)
	at org.hibernate.property.access.spi.SetterFieldImpl.set(SetterFieldImpl.java:63) ~[hibernate-core-6.4.4.Final.jar:6.4.4.Final]
	at org.hibernate.persister.entity.AbstractEntityPersister.setPropertyValues(AbstractEntityPersister.java:4476) ~[hibernate-core-6.4.4.Final.jar:6.4.4.Final]
	at org.hibernate.sql.results.graph.entity.AbstractEntityInitializer.initializeEntityInstance(AbstractEntityInitializer.java:853) ~[hibernate-core-6.4.4.Final.jar:6.4.4.Final]
	at org.hibernate.sql.results.graph.entity.AbstractEntityInitializer.initializeEntity(AbstractEntityInitializer.java:813) ~[hibernate-core-6.4.4.Final.jar:6.4.4.Final]
	at org.hibernate.sql.results.graph.entity.AbstractEntityInitializer.initializeInstance(AbstractEntityInitializer.java:799) ~[hibernate-core-6.4.4.Final.jar:6.4.4.Final]
	at org.hibernate.sql.results.internal.InitializersList.initializeInstance(InitializersList.java:70) ~[hibernate-core-6.4.4.Final.jar:6.4.4.Final]
	at org.hibernate.sql.results.internal.StandardRowReader.coordinateInitializers(StandardRowReader.java:109) ~[hibernate-core-6.4.4.Final.jar:6.4.4.Final]
	at org.hibernate.sql.results.internal.StandardRowReader.readRow(StandardRowReader.java:86) ~[hibernate-core-6.4.4.Final.jar:6.4.4.Final]
	at org.hibernate.sql.results.spi.ListResultsConsumer.consume(ListResultsConsumer.java:188) ~[hibernate-core-6.4.4.Final.jar:6.4.4.Final]
	at org.hibernate.sql.results.spi.ListResultsConsumer.consume(ListResultsConsumer.java:33) ~[hibernate-core-6.4.4.Final.jar:6.4.4.Final]
	at org.hibernate.sql.exec.internal.JdbcSelectExecutorStandardImpl.doExecuteQuery(JdbcSelectExecutorStandardImpl.java:209) ~[hibernate-core-6.4.4.Final.jar:6.4.4.Final]
	at org.hibernate.sql.exec.internal.JdbcSelectExecutorStandardImpl.executeQuery(JdbcSelectExecutorStandardImpl.java:83) ~[hibernate-core-6.4.4.Final.jar:6.4.4.Final]
	at org.hibernate.sql.exec.spi.JdbcSelectExecutor.list(JdbcSelectExecutor.java:76) ~[hibernate-core-6.4.4.Final.jar:6.4.4.Final]
	at org.hibernate.sql.exec.spi.JdbcSelectExecutor.list(JdbcSelectExecutor.java:65) ~[hibernate-core-6.4.4.Final.jar:6.4.4.Final]
	at org.hibernate.loader.ast.internal.SingleIdLoadPlan.load(SingleIdLoadPlan.java:145) ~[hibernate-core-6.4.4.Final.jar:6.4.4.Final]
	at org.hibernate.loader.ast.internal.SingleIdLoadPlan.load(SingleIdLoadPlan.java:117) ~[hibernate-core-6.4.4.Final.jar:6.4.4.Final]
	at org.hibernate.loader.ast.internal.SingleIdEntityLoaderStandardImpl.load(SingleIdEntityLoaderStandardImpl.java:75) ~[hibernate-core-6.4.4.Final.jar:6.4.4.Final]
	at org.hibernate.persister.entity.AbstractEntityPersister.doLoad(AbstractEntityPersister.java:3748) ~[hibernate-core-6.4.4.Final.jar:6.4.4.Final]
	at org.hibernate.persister.entity.AbstractEntityPersister.load(AbstractEntityPersister.java:3737) ~[hibernate-core-6.4.4.Final.jar:6.4.4.Final]
	at org.hibernate.event.internal.DefaultLoadEventListener.loadFromDatasource(DefaultLoadEventListener.java:604) ~[hibernate-core-6.4.4.Final.jar:6.4.4.Final]
	at org.hibernate.event.internal.DefaultLoadEventListener.loadFromCacheOrDatasource(DefaultLoadEventListener.java:590) ~[hibernate-core-6.4.4.Final.jar:6.4.4.Final]
	at org.hibernate.event.internal.DefaultLoadEventListener.load(DefaultLoadEventListener.java:560) ~[hibernate-core-6.4.4.Final.jar:6.4.4.Final]
	at org.hibernate.event.internal.DefaultLoadEventListener.doLoad(DefaultLoadEventListener.java:544) ~[hibernate-core-6.4.4.Final.jar:6.4.4.Final]
	at org.hibernate.event.internal.DefaultLoadEventListener.load(DefaultLoadEventListener.java:207) ~[hibernate-core-6.4.4.Final.jar:6.4.4.Final]
	at org.hibernate.event.internal.DefaultLoadEventListener.loadWithRegularProxy(DefaultLoadEventListener.java:290) ~[hibernate-core-6.4.4.Final.jar:6.4.4.Final]
	at org.hibernate.event.internal.DefaultLoadEventListener.proxyOrLoad(DefaultLoadEventListener.java:242) ~[hibernate-core-6.4.4.Final.jar:6.4.4.Final]
	at org.hibernate.event.internal.DefaultLoadEventListener.doOnLoad(DefaultLoadEventListener.java:111) ~[hibernate-core-6.4.4.Final.jar:6.4.4.Final]
	at org.hibernate.event.internal.DefaultLoadEventListener.onLoad(DefaultLoadEventListener.java:68) ~[hibernate-core-6.4.4.Final.jar:6.4.4.Final]
	at org.hibernate.event.service.internal.EventListenerGroupImpl.fireEventOnEachListener(EventListenerGroupImpl.java:138) ~[hibernate-core-6.4.4.Final.jar:6.4.4.Final]
	at org.hibernate.internal.SessionImpl.fireLoadNoChecks(SessionImpl.java:1222) ~[hibernate-core-6.4.4.Final.jar:6.4.4.Final]
	at org.hibernate.internal.SessionImpl.fireLoad(SessionImpl.java:1210) ~[hibernate-core-6.4.4.Final.jar:6.4.4.Final]
	at org.hibernate.loader.internal.IdentifierLoadAccessImpl.load(IdentifierLoadAccessImpl.java:209) ~[hibernate-core-6.4.4.Final.jar:6.4.4.Final]
	at org.hibernate.loader.internal.IdentifierLoadAccessImpl.doLoad(IdentifierLoadAccessImpl.java:160) ~[hibernate-core-6.4.4.Final.jar:6.4.4.Final]
	at org.hibernate.loader.internal.IdentifierLoadAccessImpl.lambda$load$1(IdentifierLoadAccessImpl.java:149) ~[hibernate-core-6.4.4.Final.jar:6.4.4.Final]
	at org.hibernate.loader.internal.IdentifierLoadAccessImpl.perform(IdentifierLoadAccessImpl.java:112) ~[hibernate-core-6.4.4.Final.jar:6.4.4.Final]
	at org.hibernate.loader.internal.IdentifierLoadAccessImpl.load(IdentifierLoadAccessImpl.java:149) ~[hibernate-core-6.4.4.Final.jar:6.4.4.Final]
	at org.hibernate.internal.SessionImpl.find(SessionImpl.java:2424) ~[hibernate-core-6.4.4.Final.jar:6.4.4.Final]
	at org.hibernate.internal.SessionImpl.find(SessionImpl.java:2390) ~[hibernate-core-6.4.4.Final.jar:6.4.4.Final]
	at org.example.dao.impl.CoSoDAOImpl.getCoSoById(CoSoDAOImpl.java:34) ~[classes/:?]
	at org.example.util.CaLamValidationEngine.validateShift(CaLamValidationEngine.java:193) ~[classes/:?]
	at org.example.service.manager.CaLamService.createShift(CaLamService.java:287) ~[classes/:?]
	at org.example.controller.QuanLyCaLamManagerServlet.handleAddOrUpdate(QuanLyCaLamManagerServlet.java:272) ~[classes/:?]
	at org.example.controller.QuanLyCaLamManagerServlet.doPost(QuanLyCaLamManagerServlet.java:118) [classes/:?]
	at jdk.internal.reflect.NativeMethodAccessorImpl.invoke0(Native Method) ~[?:?]
	at jdk.internal.reflect.NativeMethodAccessorImpl.invoke(NativeMethodAccessorImpl.java:77) ~[?:?]
	at jdk.internal.reflect.DelegatingMethodAccessorImpl.invoke(DelegatingMethodAccessorImpl.java:43) ~[?:?]
	at java.lang.reflect.Method.invoke(Method.java:569) ~[?:?]
	at TestRunner.invokeServlet(TestRunner.java:232) [scratch/:?]
	at TestRunner.runTC04(TestRunner.java:303) [scratch/:?]
	at TestRunner.main(TestRunner.java:39) [scratch/:?]
Caused by: java.lang.IllegalArgumentException: Can not set boolean field org.example.model.CoSo.isDeleted to null value
	at jdk.internal.reflect.UnsafeFieldAccessorImpl.throwSetIllegalArgumentException(UnsafeFieldAccessorImpl.java:167) ~[?:?]
	at jdk.internal.reflect.UnsafeFieldAccessorImpl.throwSetIllegalArgumentException(UnsafeFieldAccessorImpl.java:171) ~[?:?]
	at jdk.internal.reflect.UnsafeBooleanFieldAccessorImpl.set(UnsafeBooleanFieldAccessorImpl.java:80) ~[?:?]
	at java.lang.reflect.Field.set(Field.java:799) ~[?:?]
	at org.hibernate.property.access.spi.SetterFieldImpl.set(SetterFieldImpl.java:57) ~[hibernate-core-6.4.4.Final.jar:6.4.4.Final]
	... 49 more
2026-07-06 17:17:30 [main] ERROR org.example.controller.QuanLyCaLamManagerServlet - Unexpected error in doPost: Null value was assigned to a property [class org.example.model.CoSo.isDeleted] of primitive type: 'org.example.model.CoSo.isDeleted' (setter)
org.hibernate.PropertyAccessException: Null value was assigned to a property [class org.example.model.CoSo.isDeleted] of primitive type: 'org.example.model.CoSo.isDeleted' (setter)
	at org.hibernate.property.access.spi.SetterFieldImpl.set(SetterFieldImpl.java:63) ~[hibernate-core-6.4.4.Final.jar:6.4.4.Final]
	at org.hibernate.persister.entity.AbstractEntityPersister.setPropertyValues(AbstractEntityPersister.java:4476) ~[hibernate-core-6.4.4.Final.jar:6.4.4.Final]
	at org.hibernate.sql.results.graph.entity.AbstractEntityInitializer.initializeEntityInstance(AbstractEntityInitializer.java:853) ~[hibernate-core-6.4.4.Final.jar:6.4.4.Final]
	at org.hibernate.sql.results.graph.entity.AbstractEntityInitializer.initializeEntity(AbstractEntityInitializer.java:813) ~[hibernate-core-6.4.4.Final.jar:6.4.4.Final]
	at org.hibernate.sql.results.graph.entity.AbstractEntityInitializer.initializeInstance(AbstractEntityInitializer.java:799) ~[hibernate-core-6.4.4.Final.jar:6.4.4.Final]
	at org.hibernate.sql.results.internal.InitializersList.initializeInstance(InitializersList.java:70) ~[hibernate-core-6.4.4.Final.jar:6.4.4.Final]
	at org.hibernate.sql.results.internal.StandardRowReader.coordinateInitializers(StandardRowReader.java:109) ~[hibernate-core-6.4.4.Final.jar:6.4.4.Final]
	at org.hibernate.sql.results.internal.StandardRowReader.readRow(StandardRowReader.java:86) ~[hibernate-core-6.4.4.Final.jar:6.4.4.Final]
	at org.hibernate.sql.results.spi.ListResultsConsumer.consume(ListResultsConsumer.java:188) ~[hibernate-core-6.4.4.Final.jar:6.4.4.Final]
	at org.hibernate.sql.results.spi.ListResultsConsumer.consume(ListResultsConsumer.java:33) ~[hibernate-core-6.4.4.Final.jar:6.4.4.Final]
	at org.hibernate.sql.exec.internal.JdbcSelectExecutorStandardImpl.doExecuteQuery(JdbcSelectExecutorStandardImpl.java:209) ~[hibernate-core-6.4.4.Final.jar:6.4.4.Final]
	at org.hibernate.sql.exec.internal.JdbcSelectExecutorStandardImpl.executeQuery(JdbcSelectExecutorStandardImpl.java:83) ~[hibernate-core-6.4.4.Final.jar:6.4.4.Final]
	at org.hibernate.sql.exec.spi.JdbcSelectExecutor.list(JdbcSelectExecutor.java:76) ~[hibernate-core-6.4.4.Final.jar:6.4.4.Final]
	at org.hibernate.sql.exec.spi.JdbcSelectExecutor.list(JdbcSelectExecutor.java:65) ~[hibernate-core-6.4.4.Final.jar:6.4.4.Final]
	at org.hibernate.loader.ast.internal.SingleIdLoadPlan.load(SingleIdLoadPlan.java:145) ~[hibernate-core-6.4.4.Final.jar:6.4.4.Final]
	at org.hibernate.loader.ast.internal.SingleIdLoadPlan.load(SingleIdLoadPlan.java:117) ~[hibernate-core-6.4.4.Final.jar:6.4.4.Final]
	at org.hibernate.loader.ast.internal.SingleIdEntityLoaderStandardImpl.load(SingleIdEntityLoaderStandardImpl.java:75) ~[hibernate-core-6.4.4.Final.jar:6.4.4.Final]
	at org.hibernate.persister.entity.AbstractEntityPersister.doLoad(AbstractEntityPersister.java:3748) ~[hibernate-core-6.4.4.Final.jar:6.4.4.Final]
	at org.hibernate.persister.entity.AbstractEntityPersister.load(AbstractEntityPersister.java:3737) ~[hibernate-core-6.4.4.Final.jar:6.4.4.Final]
	at org.hibernate.event.internal.DefaultLoadEventListener.loadFromDatasource(DefaultLoadEventListener.java:604) ~[hibernate-core-6.4.4.Final.jar:6.4.4.Final]
	at org.hibernate.event.internal.DefaultLoadEventListener.loadFromCacheOrDatasource(DefaultLoadEventListener.java:590) ~[hibernate-core-6.4.4.Final.jar:6.4.4.Final]
	at org.hibernate.event.internal.DefaultLoadEventListener.load(DefaultLoadEventListener.java:560) ~[hibernate-core-6.4.4.Final.jar:6.4.4.Final]
	at org.hibernate.event.internal.DefaultLoadEventListener.doLoad(DefaultLoadEventListener.java:544) ~[hibernate-core-6.4.4.Final.jar:6.4.4.Final]
	at org.hibernate.event.internal.DefaultLoadEventListener.load(DefaultLoadEventListener.java:207) ~[hibernate-core-6.4.4.Final.jar:6.4.4.Final]
	at org.hibernate.event.internal.DefaultLoadEventListener.loadWithRegularProxy(DefaultLoadEventListener.java:290) ~[hibernate-core-6.4.4.Final.jar:6.4.4.Final]
	at org.hibernate.event.internal.DefaultLoadEventListener.proxyOrLoad(DefaultLoadEventListener.java:242) ~[hibernate-core-6.4.4.Final.jar:6.4.4.Final]
	at org.hibernate.event.internal.DefaultLoadEventListener.doOnLoad(DefaultLoadEventListener.java:111) ~[hibernate-core-6.4.4.Final.jar:6.4.4.Final]
	at org.hibernate.event.internal.DefaultLoadEventListener.onLoad(DefaultLoadEventListener.java:68) ~[hibernate-core-6.4.4.Final.jar:6.4.4.Final]
	at org.hibernate.event.service.internal.EventListenerGroupImpl.fireEventOnEachListener(EventListenerGroupImpl.java:138) ~[hibernate-core-6.4.4.Final.jar:6.4.4.Final]
	at org.hibernate.internal.SessionImpl.fireLoadNoChecks(SessionImpl.java:1222) ~[hibernate-core-6.4.4.Final.jar:6.4.4.Final]
	at org.hibernate.internal.SessionImpl.fireLoad(SessionImpl.java:1210) ~[hibernate-core-6.4.4.Final.jar:6.4.4.Final]
	at org.hibernate.loader.internal.IdentifierLoadAccessImpl.load(IdentifierLoadAccessImpl.java:209) ~[hibernate-core-6.4.4.Final.jar:6.4.4.Final]
	at org.hibernate.loader.internal.IdentifierLoadAccessImpl.doLoad(IdentifierLoadAccessImpl.java:160) ~[hibernate-core-6.4.4.Final.jar:6.4.4.Final]
	at org.hibernate.loader.internal.IdentifierLoadAccessImpl.lambda$load$1(IdentifierLoadAccessImpl.java:149) ~[hibernate-core-6.4.4.Final.jar:6.4.4.Final]
	at org.hibernate.loader.internal.IdentifierLoadAccessImpl.perform(IdentifierLoadAccessImpl.java:112) ~[hibernate-core-6.4.4.Final.jar:6.4.4.Final]
	at org.hibernate.loader.internal.IdentifierLoadAccessImpl.load(IdentifierLoadAccessImpl.java:149) ~[hibernate-core-6.4.4.Final.jar:6.4.4.Final]
	at org.hibernate.internal.SessionImpl.find(SessionImpl.java:2424) ~[hibernate-core-6.4.4.Final.jar:6.4.4.Final]
	at org.hibernate.internal.SessionImpl.find(SessionImpl.java:2390) ~[hibernate-core-6.4.4.Final.jar:6.4.4.Final]
	at org.example.dao.impl.CoSoDAOImpl.getCoSoById(CoSoDAOImpl.java:34) ~[classes/:?]
	at org.example.util.CaLamValidationEngine.validateShift(CaLamValidationEngine.java:193) ~[classes/:?]
	at org.example.service.manager.CaLamService.createShift(CaLamService.java:287) ~[classes/:?]
	at org.example.controller.QuanLyCaLamManagerServlet.handleAddOrUpdate(QuanLyCaLamManagerServlet.java:272) ~[classes/:?]
	at org.example.controller.QuanLyCaLamManagerServlet.doPost(QuanLyCaLamManagerServlet.java:118) [classes/:?]
	at jdk.internal.reflect.NativeMethodAccessorImpl.invoke0(Native Method) ~[?:?]
	at jdk.internal.reflect.NativeMethodAccessorImpl.invoke(NativeMethodAccessorImpl.java:77) ~[?:?]
	at jdk.internal.reflect.DelegatingMethodAccessorImpl.invoke(DelegatingMethodAccessorImpl.java:43) ~[?:?]
	at java.lang.reflect.Method.invoke(Method.java:569) ~[?:?]
	at TestRunner.invokeServlet(TestRunner.java:232) [scratch/:?]
	at TestRunner.runTC11(TestRunner.java:430) [scratch/:?]
	at TestRunner.main(TestRunner.java:60) [scratch/:?]
Caused by: java.lang.IllegalArgumentException: Can not set boolean field org.example.model.CoSo.isDeleted to null value
	at jdk.internal.reflect.UnsafeFieldAccessorImpl.throwSetIllegalArgumentException(UnsafeFieldAccessorImpl.java:167) ~[?:?]
	at jdk.internal.reflect.UnsafeFieldAccessorImpl.throwSetIllegalArgumentException(UnsafeFieldAccessorImpl.java:171) ~[?:?]
	at jdk.internal.reflect.UnsafeBooleanFieldAccessorImpl.set(UnsafeBooleanFieldAccessorImpl.java:80) ~[?:?]
	at java.lang.reflect.Field.set(Field.java:799) ~[?:?]
	at org.hibernate.property.access.spi.SetterFieldImpl.set(SetterFieldImpl.java:57) ~[hibernate-core-6.4.4.Final.jar:6.4.4.Final]
	... 49 more
2026-07-06 17:17:30 [main] ERROR org.example.controller.QuanLyCaLamManagerServlet - Unexpected error in doPost: Null value was assigned to a property [class org.example.model.CoSo.isDeleted] of primitive type: 'org.example.model.CoSo.isDeleted' (setter)
org.hibernate.PropertyAccessException: Null value was assigned to a property [class org.example.model.CoSo.isDeleted] of primitive type: 'org.example.model.CoSo.isDeleted' (setter)
	at org.hibernate.property.access.spi.SetterFieldImpl.set(SetterFieldImpl.java:63) ~[hibernate-core-6.4.4.Final.jar:6.4.4.Final]
	at org.hibernate.persister.entity.AbstractEntityPersister.setPropertyValues(AbstractEntityPersister.java:4476) ~[hibernate-core-6.4.4.Final.jar:6.4.4.Final]
	at org.hibernate.sql.results.graph.entity.AbstractEntityInitializer.initializeEntityInstance(AbstractEntityInitializer.java:853) ~[hibernate-core-6.4.4.Final.jar:6.4.4.Final]
	at org.hibernate.sql.results.graph.entity.AbstractEntityInitializer.initializeEntity(AbstractEntityInitializer.java:813) ~[hibernate-core-6.4.4.Final.jar:6.4.4.Final]
	at org.hibernate.sql.results.graph.entity.AbstractEntityInitializer.initializeInstance(AbstractEntityInitializer.java:799) ~[hibernate-core-6.4.4.Final.jar:6.4.4.Final]
	at org.hibernate.sql.results.internal.InitializersList.initializeInstance(InitializersList.java:70) ~[hibernate-core-6.4.4.Final.jar:6.4.4.Final]
	at org.hibernate.sql.results.internal.StandardRowReader.coordinateInitializers(StandardRowReader.java:109) ~[hibernate-core-6.4.4.Final.jar:6.4.4.Final]
	at org.hibernate.sql.results.internal.StandardRowReader.readRow(StandardRowReader.java:86) ~[hibernate-core-6.4.4.Final.jar:6.4.4.Final]
	at org.hibernate.sql.results.spi.ListResultsConsumer.consume(ListResultsConsumer.java:188) ~[hibernate-core-6.4.4.Final.jar:6.4.4.Final]
	at org.hibernate.sql.results.spi.ListResultsConsumer.consume(ListResultsConsumer.java:33) ~[hibernate-core-6.4.4.Final.jar:6.4.4.Final]
	at org.hibernate.sql.exec.internal.JdbcSelectExecutorStandardImpl.doExecuteQuery(JdbcSelectExecutorStandardImpl.java:209) ~[hibernate-core-6.4.4.Final.jar:6.4.4.Final]
	at org.hibernate.sql.exec.internal.JdbcSelectExecutorStandardImpl.executeQuery(JdbcSelectExecutorStandardImpl.java:83) ~[hibernate-core-6.4.4.Final.jar:6.4.4.Final]
	at org.hibernate.sql.exec.spi.JdbcSelectExecutor.list(JdbcSelectExecutor.java:76) ~[hibernate-core-6.4.4.Final.jar:6.4.4.Final]
	at org.hibernate.sql.exec.spi.JdbcSelectExecutor.list(JdbcSelectExecutor.java:65) ~[hibernate-core-6.4.4.Final.jar:6.4.4.Final]
	at org.hibernate.loader.ast.internal.SingleIdLoadPlan.load(SingleIdLoadPlan.java:145) ~[hibernate-core-6.4.4.Final.jar:6.4.4.Final]
	at org.hibernate.loader.ast.internal.SingleIdLoadPlan.load(SingleIdLoadPlan.java:117) ~[hibernate-core-6.4.4.Final.jar:6.4.4.Final]
	at org.hibernate.loader.ast.internal.SingleIdEntityLoaderStandardImpl.load(SingleIdEntityLoaderStandardImpl.java:75) ~[hibernate-core-6.4.4.Final.jar:6.4.4.Final]
	at org.hibernate.persister.entity.AbstractEntityPersister.doLoad(AbstractEntityPersister.java:3748) ~[hibernate-core-6.4.4.Final.jar:6.4.4.Final]
	at org.hibernate.persister.entity.AbstractEntityPersister.load(AbstractEntityPersister.java:3737) ~[hibernate-core-6.4.4.Final.jar:6.4.4.Final]
	at org.hibernate.event.internal.DefaultLoadEventListener.loadFromDatasource(DefaultLoadEventListener.java:604) ~[hibernate-core-6.4.4.Final.jar:6.4.4.Final]
	at org.hibernate.event.internal.DefaultLoadEventListener.loadFromCacheOrDatasource(DefaultLoadEventListener.java:590) ~[hibernate-core-6.4.4.Final.jar:6.4.4.Final]
	at org.hibernate.event.internal.DefaultLoadEventListener.load(DefaultLoadEventListener.java:560) ~[hibernate-core-6.4.4.Final.jar:6.4.4.Final]
	at org.hibernate.event.internal.DefaultLoadEventListener.doLoad(DefaultLoadEventListener.java:544) ~[hibernate-core-6.4.4.Final.jar:6.4.4.Final]
	at org.hibernate.event.internal.DefaultLoadEventListener.load(DefaultLoadEventListener.java:207) ~[hibernate-core-6.4.4.Final.jar:6.4.4.Final]
	at org.hibernate.event.internal.DefaultLoadEventListener.loadWithRegularProxy(DefaultLoadEventListener.java:290) ~[hibernate-core-6.4.4.Final.jar:6.4.4.Final]
	at org.hibernate.event.internal.DefaultLoadEventListener.proxyOrLoad(DefaultLoadEventListener.java:242) ~[hibernate-core-6.4.4.Final.jar:6.4.4.Final]
	at org.hibernate.event.internal.DefaultLoadEventListener.doOnLoad(DefaultLoadEventListener.java:111) ~[hibernate-core-6.4.4.Final.jar:6.4.4.Final]
	at org.hibernate.event.internal.DefaultLoadEventListener.onLoad(DefaultLoadEventListener.java:68) ~[hibernate-core-6.4.4.Final.jar:6.4.4.Final]
	at org.hibernate.event.service.internal.EventListenerGroupImpl.fireEventOnEachListener(EventListenerGroupImpl.java:138) ~[hibernate-core-6.4.4.Final.jar:6.4.4.Final]
	at org.hibernate.internal.SessionImpl.fireLoadNoChecks(SessionImpl.java:1222) ~[hibernate-core-6.4.4.Final.jar:6.4.4.Final]
	at org.hibernate.internal.SessionImpl.fireLoad(SessionImpl.java:1210) ~[hibernate-core-6.4.4.Final.jar:6.4.4.Final]
	at org.hibernate.loader.internal.IdentifierLoadAccessImpl.load(IdentifierLoadAccessImpl.java:209) ~[hibernate-core-6.4.4.Final.jar:6.4.4.Final]
	at org.hibernate.loader.internal.IdentifierLoadAccessImpl.doLoad(IdentifierLoadAccessImpl.java:160) ~[hibernate-core-6.4.4.Final.jar:6.4.4.Final]
	at org.hibernate.loader.internal.IdentifierLoadAccessImpl.lambda$load$1(IdentifierLoadAccessImpl.java:149) ~[hibernate-core-6.4.4.Final.jar:6.4.4.Final]
	at org.hibernate.loader.internal.IdentifierLoadAccessImpl.perform(IdentifierLoadAccessImpl.java:112) ~[hibernate-core-6.4.4.Final.jar:6.4.4.Final]
	at org.hibernate.loader.internal.IdentifierLoadAccessImpl.load(IdentifierLoadAccessImpl.java:149) ~[hibernate-core-6.4.4.Final.jar:6.4.4.Final]
	at org.hibernate.internal.SessionImpl.find(SessionImpl.java:2424) ~[hibernate-core-6.4.4.Final.jar:6.4.4.Final]
	at org.hibernate.internal.SessionImpl.find(SessionImpl.java:2390) ~[hibernate-core-6.4.4.Final.jar:6.4.4.Final]
	at org.example.dao.impl.CoSoDAOImpl.getCoSoById(CoSoDAOImpl.java:34) ~[classes/:?]
	at org.example.util.CaLamValidationEngine.validateShift(CaLamValidationEngine.java:193) ~[classes/:?]
	at org.example.service.manager.CaLamService.createShift(CaLamService.java:287) ~[classes/:?]
	at org.example.controller.QuanLyCaLamManagerServlet.handleAddOrUpdate(QuanLyCaLamManagerServlet.java:272) ~[classes/:?]
	at org.example.controller.QuanLyCaLamManagerServlet.doPost(QuanLyCaLamManagerServlet.java:118) [classes/:?]
	at jdk.internal.reflect.NativeMethodAccessorImpl.invoke0(Native Method) ~[?:?]
	at jdk.internal.reflect.NativeMethodAccessorImpl.invoke(NativeMethodAccessorImpl.java:77) ~[?:?]
	at jdk.internal.reflect.DelegatingMethodAccessorImpl.invoke(DelegatingMethodAccessorImpl.java:43) ~[?:?]
	at java.lang.reflect.Method.invoke(Method.java:569) ~[?:?]
	at TestRunner.invokeServlet(TestRunner.java:232) [scratch/:?]
	at TestRunner.runTC12(TestRunner.java:446) [scratch/:?]
	at TestRunner.main(TestRunner.java:63) [scratch/:?]
Caused by: java.lang.IllegalArgumentException: Can not set boolean field org.example.model.CoSo.isDeleted to null value
	at jdk.internal.reflect.UnsafeFieldAccessorImpl.throwSetIllegalArgumentException(UnsafeFieldAccessorImpl.java:167) ~[?:?]
	at jdk.internal.reflect.UnsafeFieldAccessorImpl.throwSetIllegalArgumentException(UnsafeFieldAccessorImpl.java:171) ~[?:?]
	at jdk.internal.reflect.UnsafeBooleanFieldAccessorImpl.set(UnsafeBooleanFieldAccessorImpl.java:80) ~[?:?]
	at java.lang.reflect.Field.set(Field.java:799) ~[?:?]
	at org.hibernate.property.access.spi.SetterFieldImpl.set(SetterFieldImpl.java:57) ~[hibernate-core-6.4.4.Final.jar:6.4.4.Final]
	... 49 more
2026-07-06 17:17:30 [main] ERROR org.example.controller.QuanLyCaLamManagerServlet - Unexpected error in doPost: Null value was assigned to a property [class org.example.model.CoSo.isDeleted] of primitive type: 'org.example.model.CoSo.isDeleted' (setter)
org.hibernate.PropertyAccessException: Null value was assigned to a property [class org.example.model.CoSo.isDeleted] of primitive type: 'org.example.model.CoSo.isDeleted' (setter)
	at org.hibernate.property.access.spi.SetterFieldImpl.set(SetterFieldImpl.java:63) ~[hibernate-core-6.4.4.Final.jar:6.4.4.Final]
	at org.hibernate.persister.entity.AbstractEntityPersister.setPropertyValues(AbstractEntityPersister.java:4476) ~[hibernate-core-6.4.4.Final.jar:6.4.4.Final]
	at org.hibernate.sql.results.graph.entity.AbstractEntityInitializer.initializeEntityInstance(AbstractEntityInitializer.java:853) ~[hibernate-core-6.4.4.Final.jar:6.4.4.Final]
	at org.hibernate.sql.results.graph.entity.AbstractEntityInitializer.initializeEntity(AbstractEntityInitializer.java:813) ~[hibernate-core-6.4.4.Final.jar:6.4.4.Final]
	at org.hibernate.sql.results.graph.entity.AbstractEntityInitializer.initializeInstance(AbstractEntityInitializer.java:799) ~[hibernate-core-6.4.4.Final.jar:6.4.4.Final]
	at org.hibernate.sql.results.internal.InitializersList.initializeInstance(InitializersList.java:70) ~[hibernate-core-6.4.4.Final.jar:6.4.4.Final]
	at org.hibernate.sql.results.internal.StandardRowReader.coordinateInitializers(StandardRowReader.java:109) ~[hibernate-core-6.4.4.Final.jar:6.4.4.Final]
	at org.hibernate.sql.results.internal.StandardRowReader.readRow(StandardRowReader.java:86) ~[hibernate-core-6.4.4.Final.jar:6.4.4.Final]
	at org.hibernate.sql.results.spi.ListResultsConsumer.consume(ListResultsConsumer.java:188) ~[hibernate-core-6.4.4.Final.jar:6.4.4.Final]
	at org.hibernate.sql.results.spi.ListResultsConsumer.consume(ListResultsConsumer.java:33) ~[hibernate-core-6.4.4.Final.jar:6.4.4.Final]
	at org.hibernate.sql.exec.internal.JdbcSelectExecutorStandardImpl.doExecuteQuery(JdbcSelectExecutorStandardImpl.java:209) ~[hibernate-core-6.4.4.Final.jar:6.4.4.Final]
	at org.hibernate.sql.exec.internal.JdbcSelectExecutorStandardImpl.executeQuery(JdbcSelectExecutorStandardImpl.java:83) ~[hibernate-core-6.4.4.Final.jar:6.4.4.Final]
	at org.hibernate.sql.exec.spi.JdbcSelectExecutor.list(JdbcSelectExecutor.java:76) ~[hibernate-core-6.4.4.Final.jar:6.4.4.Final]
	at org.hibernate.sql.exec.spi.JdbcSelectExecutor.list(JdbcSelectExecutor.java:65) ~[hibernate-core-6.4.4.Final.jar:6.4.4.Final]
	at org.hibernate.loader.ast.internal.SingleIdLoadPlan.load(SingleIdLoadPlan.java:145) ~[hibernate-core-6.4.4.Final.jar:6.4.4.Final]
	at org.hibernate.loader.ast.internal.SingleIdLoadPlan.load(SingleIdLoadPlan.java:117) ~[hibernate-core-6.4.4.Final.jar:6.4.4.Final]
	at org.hibernate.loader.ast.internal.SingleIdEntityLoaderStandardImpl.load(SingleIdEntityLoaderStandardImpl.java:75) ~[hibernate-core-6.4.4.Final.jar:6.4.4.Final]
	at org.hibernate.persister.entity.AbstractEntityPersister.doLoad(AbstractEntityPersister.java:3748) ~[hibernate-core-6.4.4.Final.jar:6.4.4.Final]
	at org.hibernate.persister.entity.AbstractEntityPersister.load(AbstractEntityPersister.java:3737) ~[hibernate-core-6.4.4.Final.jar:6.4.4.Final]
	at org.hibernate.event.internal.DefaultLoadEventListener.loadFromDatasource(DefaultLoadEventListener.java:604) ~[hibernate-core-6.4.4.Final.jar:6.4.4.Final]
	at org.hibernate.event.internal.DefaultLoadEventListener.loadFromCacheOrDatasource(DefaultLoadEventListener.java:590) ~[hibernate-core-6.4.4.Final.jar:6.4.4.Final]
	at org.hibernate.event.internal.DefaultLoadEventListener.load(DefaultLoadEventListener.java:560) ~[hibernate-core-6.4.4.Final.jar:6.4.4.Final]
	at org.hibernate.event.internal.DefaultLoadEventListener.doLoad(DefaultLoadEventListener.java:544) ~[hibernate-core-6.4.4.Final.jar:6.4.4.Final]
	at org.hibernate.event.internal.DefaultLoadEventListener.load(DefaultLoadEventListener.java:207) ~[hibernate-core-6.4.4.Final.jar:6.4.4.Final]
	at org.hibernate.event.internal.DefaultLoadEventListener.loadWithRegularProxy(DefaultLoadEventListener.java:290) ~[hibernate-core-6.4.4.Final.jar:6.4.4.Final]
	at org.hibernate.event.internal.DefaultLoadEventListener.proxyOrLoad(DefaultLoadEventListener.java:242) ~[hibernate-core-6.4.4.Final.jar:6.4.4.Final]
	at org.hibernate.event.internal.DefaultLoadEventListener.doOnLoad(DefaultLoadEventListener.java:111) ~[hibernate-core-6.4.4.Final.jar:6.4.4.Final]
	at org.hibernate.event.internal.DefaultLoadEventListener.onLoad(DefaultLoadEventListener.java:68) ~[hibernate-core-6.4.4.Final.jar:6.4.4.Final]
	at org.hibernate.event.service.internal.EventListenerGroupImpl.fireEventOnEachListener(EventListenerGroupImpl.java:138) ~[hibernate-core-6.4.4.Final.jar:6.4.4.Final]
	at org.hibernate.internal.SessionImpl.fireLoadNoChecks(SessionImpl.java:1222) ~[hibernate-core-6.4.4.Final.jar:6.4.4.Final]
	at org.hibernate.internal.SessionImpl.fireLoad(SessionImpl.java:1210) ~[hibernate-core-6.4.4.Final.jar:6.4.4.Final]
	at org.hibernate.loader.internal.IdentifierLoadAccessImpl.load(IdentifierLoadAccessImpl.java:209) ~[hibernate-core-6.4.4.Final.jar:6.4.4.Final]
	at org.hibernate.loader.internal.IdentifierLoadAccessImpl.doLoad(IdentifierLoadAccessImpl.java:160) ~[hibernate-core-6.4.4.Final.jar:6.4.4.Final]
	at org.hibernate.loader.internal.IdentifierLoadAccessImpl.lambda$load$1(IdentifierLoadAccessImpl.java:149) ~[hibernate-core-6.4.4.Final.jar:6.4.4.Final]
	at org.hibernate.loader.internal.IdentifierLoadAccessImpl.perform(IdentifierLoadAccessImpl.java:112) ~[hibernate-core-6.4.4.Final.jar:6.4.4.Final]
	at org.hibernate.loader.internal.IdentifierLoadAccessImpl.load(IdentifierLoadAccessImpl.java:149) ~[hibernate-core-6.4.4.Final.jar:6.4.4.Final]
	at org.hibernate.internal.SessionImpl.find(SessionImpl.java:2424) ~[hibernate-core-6.4.4.Final.jar:6.4.4.Final]
	at org.hibernate.internal.SessionImpl.find(SessionImpl.java:2390) ~[hibernate-core-6.4.4.Final.jar:6.4.4.Final]
	at org.example.dao.impl.CoSoDAOImpl.getCoSoById(CoSoDAOImpl.java:34) ~[classes/:?]
	at org.example.util.CaLamValidationEngine.validateShift(CaLamValidationEngine.java:193) ~[classes/:?]
	at org.example.service.manager.CaLamService.createShift(CaLamService.java:287) ~[classes/:?]
	at org.example.controller.QuanLyCaLamManagerServlet.handleAddOrUpdate(QuanLyCaLamManagerServlet.java:272) ~[classes/:?]
	at org.example.controller.QuanLyCaLamManagerServlet.doPost(QuanLyCaLamManagerServlet.java:118) [classes/:?]
	at jdk.internal.reflect.NativeMethodAccessorImpl.invoke0(Native Method) ~[?:?]
	at jdk.internal.reflect.NativeMethodAccessorImpl.invoke(NativeMethodAccessorImpl.java:77) ~[?:?]
	at jdk.internal.reflect.DelegatingMethodAccessorImpl.invoke(DelegatingMethodAccessorImpl.java:43) ~[?:?]
	at java.lang.reflect.Method.invoke(Method.java:569) ~[?:?]
	at TestRunner.invokeServlet(TestRunner.java:232) [scratch/:?]
	at TestRunner.runTC13(TestRunner.java:462) [scratch/:?]
	at TestRunner.main(TestRunner.java:66) [scratch/:?]
Caused by: java.lang.IllegalArgumentException: Can not set boolean field org.example.model.CoSo.isDeleted to null value
	at jdk.internal.reflect.UnsafeFieldAccessorImpl.throwSetIllegalArgumentException(UnsafeFieldAccessorImpl.java:167) ~[?:?]
	at jdk.internal.reflect.UnsafeFieldAccessorImpl.throwSetIllegalArgumentException(UnsafeFieldAccessorImpl.java:171) ~[?:?]
	at jdk.internal.reflect.UnsafeBooleanFieldAccessorImpl.set(UnsafeBooleanFieldAccessorImpl.java:80) ~[?:?]
	at java.lang.reflect.Field.set(Field.java:799) ~[?:?]
	at org.hibernate.property.access.spi.SetterFieldImpl.set(SetterFieldImpl.java:57) ~[hibernate-core-6.4.4.Final.jar:6.4.4.Final]
	... 49 more
2026-07-06 17:17:30 [main] ERROR org.example.controller.QuanLyCaLamManagerServlet - Unexpected error in doPost: Null value was assigned to a property [class org.example.model.CoSo.isDeleted] of primitive type: 'org.example.model.CoSo.isDeleted' (setter)
org.hibernate.PropertyAccessException: Null value was assigned to a property [class org.example.model.CoSo.isDeleted] of primitive type: 'org.example.model.CoSo.isDeleted' (setter)
	at org.hibernate.property.access.spi.SetterFieldImpl.set(SetterFieldImpl.java:63) ~[hibernate-core-6.4.4.Final.jar:6.4.4.Final]
	at org.hibernate.persister.entity.AbstractEntityPersister.setPropertyValues(AbstractEntityPersister.java:4476) ~[hibernate-core-6.4.4.Final.jar:6.4.4.Final]
	at org.hibernate.sql.results.graph.entity.AbstractEntityInitializer.initializeEntityInstance(AbstractEntityInitializer.java:853) ~[hibernate-core-6.4.4.Final.jar:6.4.4.Final]
	at org.hibernate.sql.results.graph.entity.AbstractEntityInitializer.initializeEntity(AbstractEntityInitializer.java:813) ~[hibernate-core-6.4.4.Final.jar:6.4.4.Final]
	at org.hibernate.sql.results.graph.entity.AbstractEntityInitializer.initializeInstance(AbstractEntityInitializer.java:799) ~[hibernate-core-6.4.4.Final.jar:6.4.4.Final]
	at org.hibernate.sql.results.internal.InitializersList.initializeInstance(InitializersList.java:70) ~[hibernate-core-6.4.4.Final.jar:6.4.4.Final]
	at org.hibernate.sql.results.internal.StandardRowReader.coordinateInitializers(StandardRowReader.java:109) ~[hibernate-core-6.4.4.Final.jar:6.4.4.Final]
	at org.hibernate.sql.results.internal.StandardRowReader.readRow(StandardRowReader.java:86) ~[hibernate-core-6.4.4.Final.jar:6.4.4.Final]
	at org.hibernate.sql.results.spi.ListResultsConsumer.consume(ListResultsConsumer.java:188) ~[hibernate-core-6.4.4.Final.jar:6.4.4.Final]
	at org.hibernate.sql.results.spi.ListResultsConsumer.consume(ListResultsConsumer.java:33) ~[hibernate-core-6.4.4.Final.jar:6.4.4.Final]
	at org.hibernate.sql.exec.internal.JdbcSelectExecutorStandardImpl.doExecuteQuery(JdbcSelectExecutorStandardImpl.java:209) ~[hibernate-core-6.4.4.Final.jar:6.4.4.Final]
	at org.hibernate.sql.exec.internal.JdbcSelectExecutorStandardImpl.executeQuery(JdbcSelectExecutorStandardImpl.java:83) ~[hibernate-core-6.4.4.Final.jar:6.4.4.Final]
	at org.hibernate.sql.exec.spi.JdbcSelectExecutor.list(JdbcSelectExecutor.java:76) ~[hibernate-core-6.4.4.Final.jar:6.4.4.Final]
	at org.hibernate.sql.exec.spi.JdbcSelectExecutor.list(JdbcSelectExecutor.java:65) ~[hibernate-core-6.4.4.Final.jar:6.4.4.Final]
	at org.hibernate.loader.ast.internal.SingleIdLoadPlan.load(SingleIdLoadPlan.java:145) ~[hibernate-core-6.4.4.Final.jar:6.4.4.Final]
	at org.hibernate.loader.ast.internal.SingleIdLoadPlan.load(SingleIdLoadPlan.java:117) ~[hibernate-core-6.4.4.Final.jar:6.4.4.Final]
	at org.hibernate.loader.ast.internal.SingleIdEntityLoaderStandardImpl.load(SingleIdEntityLoaderStandardImpl.java:75) ~[hibernate-core-6.4.4.Final.jar:6.4.4.Final]
	at org.hibernate.persister.entity.AbstractEntityPersister.doLoad(AbstractEntityPersister.java:3748) ~[hibernate-core-6.4.4.Final.jar:6.4.4.Final]
	at org.hibernate.persister.entity.AbstractEntityPersister.load(AbstractEntityPersister.java:3737) ~[hibernate-core-6.4.4.Final.jar:6.4.4.Final]
	at org.hibernate.event.internal.DefaultLoadEventListener.loadFromDatasource(DefaultLoadEventListener.java:604) ~[hibernate-core-6.4.4.Final.jar:6.4.4.Final]
	at org.hibernate.event.internal.DefaultLoadEventListener.loadFromCacheOrDatasource(DefaultLoadEventListener.java:590) ~[hibernate-core-6.4.4.Final.jar:6.4.4.Final]
	at org.hibernate.event.internal.DefaultLoadEventListener.load(DefaultLoadEventListener.java:560) ~[hibernate-core-6.4.4.Final.jar:6.4.4.Final]
	at org.hibernate.event.internal.DefaultLoadEventListener.doLoad(DefaultLoadEventListener.java:544) ~[hibernate-core-6.4.4.Final.jar:6.4.4.Final]
	at org.hibernate.event.internal.DefaultLoadEventListener.load(DefaultLoadEventListener.java:207) ~[hibernate-core-6.4.4.Final.jar:6.4.4.Final]
	at org.hibernate.event.internal.DefaultLoadEventListener.loadWithRegularProxy(DefaultLoadEventListener.java:290) ~[hibernate-core-6.4.4.Final.jar:6.4.4.Final]
	at org.hibernate.event.internal.DefaultLoadEventListener.proxyOrLoad(DefaultLoadEventListener.java:242) ~[hibernate-core-6.4.4.Final.jar:6.4.4.Final]
	at org.hibernate.event.internal.DefaultLoadEventListener.doOnLoad(DefaultLoadEventListener.java:111) ~[hibernate-core-6.4.4.Final.jar:6.4.4.Final]
	at org.hibernate.event.internal.DefaultLoadEventListener.onLoad(DefaultLoadEventListener.java:68) ~[hibernate-core-6.4.4.Final.jar:6.4.4.Final]
	at org.hibernate.event.service.internal.EventListenerGroupImpl.fireEventOnEachListener(EventListenerGroupImpl.java:138) ~[hibernate-core-6.4.4.Final.jar:6.4.4.Final]
	at org.hibernate.internal.SessionImpl.fireLoadNoChecks(SessionImpl.java:1222) ~[hibernate-core-6.4.4.Final.jar:6.4.4.Final]
	at org.hibernate.internal.SessionImpl.fireLoad(SessionImpl.java:1210) ~[hibernate-core-6.4.4.Final.jar:6.4.4.Final]
	at org.hibernate.loader.internal.IdentifierLoadAccessImpl.load(IdentifierLoadAccessImpl.java:209) ~[hibernate-core-6.4.4.Final.jar:6.4.4.Final]
	at org.hibernate.loader.internal.IdentifierLoadAccessImpl.doLoad(IdentifierLoadAccessImpl.java:160) ~[hibernate-core-6.4.4.Final.jar:6.4.4.Final]
	at org.hibernate.loader.internal.IdentifierLoadAccessImpl.lambda$load$1(IdentifierLoadAccessImpl.java:149) ~[hibernate-core-6.4.4.Final.jar:6.4.4.Final]
	at org.hibernate.loader.internal.IdentifierLoadAccessImpl.perform(IdentifierLoadAccessImpl.java:112) ~[hibernate-core-6.4.4.Final.jar:6.4.4.Final]
	at org.hibernate.loader.internal.IdentifierLoadAccessImpl.load(IdentifierLoadAccessImpl.java:149) ~[hibernate-core-6.4.4.Final.jar:6.4.4.Final]
	at org.hibernate.internal.SessionImpl.find(SessionImpl.java:2424) ~[hibernate-core-6.4.4.Final.jar:6.4.4.Final]
	at org.hibernate.internal.SessionImpl.find(SessionImpl.java:2390) ~[hibernate-core-6.4.4.Final.jar:6.4.4.Final]
	at org.example.dao.impl.CoSoDAOImpl.getCoSoById(CoSoDAOImpl.java:34) ~[classes/:?]
	at org.example.util.CaLamValidationEngine.validateShift(CaLamValidationEngine.java:193) ~[classes/:?]
	at org.example.service.manager.CaLamService.createShift(CaLamService.java:287) ~[classes/:?]
	at org.example.controller.QuanLyCaLamManagerServlet.handleAddOrUpdate(QuanLyCaLamManagerServlet.java:272) ~[classes/:?]
	at org.example.controller.QuanLyCaLamManagerServlet.doPost(QuanLyCaLamManagerServlet.java:118) [classes/:?]
	at jdk.internal.reflect.NativeMethodAccessorImpl.invoke0(Native Method) ~[?:?]
	at jdk.internal.reflect.NativeMethodAccessorImpl.invoke(NativeMethodAccessorImpl.java:77) ~[?:?]
	at jdk.internal.reflect.DelegatingMethodAccessorImpl.invoke(DelegatingMethodAccessorImpl.java:43) ~[?:?]
	at java.lang.reflect.Method.invoke(Method.java:569) ~[?:?]
	at TestRunner.invokeServlet(TestRunner.java:232) [scratch/:?]
	at TestRunner.runTC14(TestRunner.java:478) [scratch/:?]
	at TestRunner.main(TestRunner.java:69) [scratch/:?]
Caused by: java.lang.IllegalArgumentException: Can not set boolean field org.example.model.CoSo.isDeleted to null value
	at jdk.internal.reflect.UnsafeFieldAccessorImpl.throwSetIllegalArgumentException(UnsafeFieldAccessorImpl.java:167) ~[?:?]
	at jdk.internal.reflect.UnsafeFieldAccessorImpl.throwSetIllegalArgumentException(UnsafeFieldAccessorImpl.java:171) ~[?:?]
	at jdk.internal.reflect.UnsafeBooleanFieldAccessorImpl.set(UnsafeBooleanFieldAccessorImpl.java:80) ~[?:?]
	at java.lang.reflect.Field.set(Field.java:799) ~[?:?]
	at org.hibernate.property.access.spi.SetterFieldImpl.set(SetterFieldImpl.java:57) ~[hibernate-core-6.4.4.Final.jar:6.4.4.Final]
	... 49 more
2026-07-06 17:17:30 [main] ERROR org.example.controller.QuanLyCaLamManagerServlet - Unexpected error in doPost: Null value was assigned to a property [class org.example.model.CoSo.isDeleted] of primitive type: 'org.example.model.CoSo.isDeleted' (setter)
org.hibernate.PropertyAccessException: Null value was assigned to a property [class org.example.model.CoSo.isDeleted] of primitive type: 'org.example.model.CoSo.isDeleted' (setter)
	at org.hibernate.property.access.spi.SetterFieldImpl.set(SetterFieldImpl.java:63) ~[hibernate-core-6.4.4.Final.jar:6.4.4.Final]
	at org.hibernate.persister.entity.AbstractEntityPersister.setPropertyValues(AbstractEntityPersister.java:4476) ~[hibernate-core-6.4.4.Final.jar:6.4.4.Final]
	at org.hibernate.sql.results.graph.entity.AbstractEntityInitializer.initializeEntityInstance(AbstractEntityInitializer.java:853) ~[hibernate-core-6.4.4.Final.jar:6.4.4.Final]
	at org.hibernate.sql.results.graph.entity.AbstractEntityInitializer.initializeEntity(AbstractEntityInitializer.java:813) ~[hibernate-core-6.4.4.Final.jar:6.4.4.Final]
	at org.hibernate.sql.results.graph.entity.AbstractEntityInitializer.initializeInstance(AbstractEntityInitializer.java:799) ~[hibernate-core-6.4.4.Final.jar:6.4.4.Final]
	at org.hibernate.sql.results.internal.InitializersList.initializeInstance(InitializersList.java:70) ~[hibernate-core-6.4.4.Final.jar:6.4.4.Final]
	at org.hibernate.sql.results.internal.StandardRowReader.coordinateInitializers(StandardRowReader.java:109) ~[hibernate-core-6.4.4.Final.jar:6.4.4.Final]
	at org.hibernate.sql.results.internal.StandardRowReader.readRow(StandardRowReader.java:86) ~[hibernate-core-6.4.4.Final.jar:6.4.4.Final]
	at org.hibernate.sql.results.spi.ListResultsConsumer.consume(ListResultsConsumer.java:188) ~[hibernate-core-6.4.4.Final.jar:6.4.4.Final]
	at org.hibernate.sql.results.spi.ListResultsConsumer.consume(ListResultsConsumer.java:33) ~[hibernate-core-6.4.4.Final.jar:6.4.4.Final]
	at org.hibernate.sql.exec.internal.JdbcSelectExecutorStandardImpl.doExecuteQuery(JdbcSelectExecutorStandardImpl.java:209) ~[hibernate-core-6.4.4.Final.jar:6.4.4.Final]
	at org.hibernate.sql.exec.internal.JdbcSelectExecutorStandardImpl.executeQuery(JdbcSelectExecutorStandardImpl.java:83) ~[hibernate-core-6.4.4.Final.jar:6.4.4.Final]
	at org.hibernate.sql.exec.spi.JdbcSelectExecutor.list(JdbcSelectExecutor.java:76) ~[hibernate-core-6.4.4.Final.jar:6.4.4.Final]
	at org.hibernate.sql.exec.spi.JdbcSelectExecutor.list(JdbcSelectExecutor.java:65) ~[hibernate-core-6.4.4.Final.jar:6.4.4.Final]
	at org.hibernate.loader.ast.internal.SingleIdLoadPlan.load(SingleIdLoadPlan.java:145) ~[hibernate-core-6.4.4.Final.jar:6.4.4.Final]
	at org.hibernate.loader.ast.internal.SingleIdLoadPlan.load(SingleIdLoadPlan.java:117) ~[hibernate-core-6.4.4.Final.jar:6.4.4.Final]
	at org.hibernate.loader.ast.internal.SingleIdEntityLoaderStandardImpl.load(SingleIdEntityLoaderStandardImpl.java:75) ~[hibernate-core-6.4.4.Final.jar:6.4.4.Final]
	at org.hibernate.persister.entity.AbstractEntityPersister.doLoad(AbstractEntityPersister.java:3748) ~[hibernate-core-6.4.4.Final.jar:6.4.4.Final]
	at org.hibernate.persister.entity.AbstractEntityPersister.load(AbstractEntityPersister.java:3737) ~[hibernate-core-6.4.4.Final.jar:6.4.4.Final]
	at org.hibernate.event.internal.DefaultLoadEventListener.loadFromDatasource(DefaultLoadEventListener.java:604) ~[hibernate-core-6.4.4.Final.jar:6.4.4.Final]
	at org.hibernate.event.internal.DefaultLoadEventListener.loadFromCacheOrDatasource(DefaultLoadEventListener.java:590) ~[hibernate-core-6.4.4.Final.jar:6.4.4.Final]
	at org.hibernate.event.internal.DefaultLoadEventListener.load(DefaultLoadEventListener.java:560) ~[hibernate-core-6.4.4.Final.jar:6.4.4.Final]
	at org.hibernate.event.internal.DefaultLoadEventListener.doLoad(DefaultLoadEventListener.java:544) ~[hibernate-core-6.4.4.Final.jar:6.4.4.Final]
	at org.hibernate.event.internal.DefaultLoadEventListener.load(DefaultLoadEventListener.java:207) ~[hibernate-core-6.4.4.Final.jar:6.4.4.Final]
	at org.hibernate.event.internal.DefaultLoadEventListener.loadWithRegularProxy(DefaultLoadEventListener.java:290) ~[hibernate-core-6.4.4.Final.jar:6.4.4.Final]
	at org.hibernate.event.internal.DefaultLoadEventListener.proxyOrLoad(DefaultLoadEventListener.java:242) ~[hibernate-core-6.4.4.Final.jar:6.4.4.Final]
	at org.hibernate.event.internal.DefaultLoadEventListener.doOnLoad(DefaultLoadEventListener.java:111) ~[hibernate-core-6.4.4.Final.jar:6.4.4.Final]
	at org.hibernate.event.internal.DefaultLoadEventListener.onLoad(DefaultLoadEventListener.java:68) ~[hibernate-core-6.4.4.Final.jar:6.4.4.Final]
	at org.hibernate.event.service.internal.EventListenerGroupImpl.fireEventOnEachListener(EventListenerGroupImpl.java:138) ~[hibernate-core-6.4.4.Final.jar:6.4.4.Final]
	at org.hibernate.internal.SessionImpl.fireLoadNoChecks(SessionImpl.java:1222) ~[hibernate-core-6.4.4.Final.jar:6.4.4.Final]
	at org.hibernate.internal.SessionImpl.fireLoad(SessionImpl.java:1210) ~[hibernate-core-6.4.4.Final.jar:6.4.4.Final]
	at org.hibernate.loader.internal.IdentifierLoadAccessImpl.load(IdentifierLoadAccessImpl.java:209) ~[hibernate-core-6.4.4.Final.jar:6.4.4.Final]
	at org.hibernate.loader.internal.IdentifierLoadAccessImpl.doLoad(IdentifierLoadAccessImpl.java:160) ~[hibernate-core-6.4.4.Final.jar:6.4.4.Final]
	at org.hibernate.loader.internal.IdentifierLoadAccessImpl.lambda$load$1(IdentifierLoadAccessImpl.java:149) ~[hibernate-core-6.4.4.Final.jar:6.4.4.Final]
	at org.hibernate.loader.internal.IdentifierLoadAccessImpl.perform(IdentifierLoadAccessImpl.java:112) ~[hibernate-core-6.4.4.Final.jar:6.4.4.Final]
	at org.hibernate.loader.internal.IdentifierLoadAccessImpl.load(IdentifierLoadAccessImpl.java:149) ~[hibernate-core-6.4.4.Final.jar:6.4.4.Final]
	at org.hibernate.internal.SessionImpl.find(SessionImpl.java:2424) ~[hibernate-core-6.4.4.Final.jar:6.4.4.Final]
	at org.hibernate.internal.SessionImpl.find(SessionImpl.java:2390) ~[hibernate-core-6.4.4.Final.jar:6.4.4.Final]
	at org.example.dao.impl.CoSoDAOImpl.getCoSoById(CoSoDAOImpl.java:34) ~[classes/:?]
	at org.example.util.CaLamValidationEngine.validateShift(CaLamValidationEngine.java:193) ~[classes/:?]
	at org.example.service.manager.CaLamService.createShift(CaLamService.java:287) ~[classes/:?]
	at org.example.controller.QuanLyCaLamManagerServlet.handleAddOrUpdate(QuanLyCaLamManagerServlet.java:272) ~[classes/:?]
	at org.example.controller.QuanLyCaLamManagerServlet.doPost(QuanLyCaLamManagerServlet.java:118) [classes/:?]
	at jdk.internal.reflect.NativeMethodAccessorImpl.invoke0(Native Method) ~[?:?]
	at jdk.internal.reflect.NativeMethodAccessorImpl.invoke(NativeMethodAccessorImpl.java:77) ~[?:?]
	at jdk.internal.reflect.DelegatingMethodAccessorImpl.invoke(DelegatingMethodAccessorImpl.java:43) ~[?:?]
	at java.lang.reflect.Method.invoke(Method.java:569) ~[?:?]
	at TestRunner.invokeServlet(TestRunner.java:232) [scratch/:?]
	at TestRunner.runTC15(TestRunner.java:494) [scratch/:?]
	at TestRunner.main(TestRunner.java:72) [scratch/:?]
Caused by: java.lang.IllegalArgumentException: Can not set boolean field org.example.model.CoSo.isDeleted to null value
	at jdk.internal.reflect.UnsafeFieldAccessorImpl.throwSetIllegalArgumentException(UnsafeFieldAccessorImpl.java:167) ~[?:?]
	at jdk.internal.reflect.UnsafeFieldAccessorImpl.throwSetIllegalArgumentException(UnsafeFieldAccessorImpl.java:171) ~[?:?]
	at jdk.internal.reflect.UnsafeBooleanFieldAccessorImpl.set(UnsafeBooleanFieldAccessorImpl.java:80) ~[?:?]
	at java.lang.reflect.Field.set(Field.java:799) ~[?:?]
	at org.hibernate.property.access.spi.SetterFieldImpl.set(SetterFieldImpl.java:57) ~[hibernate-core-6.4.4.Final.jar:6.4.4.Final]
	... 49 more
2026-07-06 17:17:30 [main] ERROR org.example.controller.QuanLyCaLamManagerServlet - Unexpected error in doPost: Null value was assigned to a property [class org.example.model.CoSo.isDeleted] of primitive type: 'org.example.model.CoSo.isDeleted' (setter)
org.hibernate.PropertyAccessException: Null value was assigned to a property [class org.example.model.CoSo.isDeleted] of primitive type: 'org.example.model.CoSo.isDeleted' (setter)
	at org.hibernate.property.access.spi.SetterFieldImpl.set(SetterFieldImpl.java:63) ~[hibernate-core-6.4.4.Final.jar:6.4.4.Final]
	at org.hibernate.persister.entity.AbstractEntityPersister.setPropertyValues(AbstractEntityPersister.java:4476) ~[hibernate-core-6.4.4.Final.jar:6.4.4.Final]
	at org.hibernate.sql.results.graph.entity.AbstractEntityInitializer.initializeEntityInstance(AbstractEntityInitializer.java:853) ~[hibernate-core-6.4.4.Final.jar:6.4.4.Final]
	at org.hibernate.sql.results.graph.entity.AbstractEntityInitializer.initializeEntity(AbstractEntityInitializer.java:813) ~[hibernate-core-6.4.4.Final.jar:6.4.4.Final]
	at org.hibernate.sql.results.graph.entity.AbstractEntityInitializer.initializeInstance(AbstractEntityInitializer.java:799) ~[hibernate-core-6.4.4.Final.jar:6.4.4.Final]
	at org.hibernate.sql.results.internal.InitializersList.initializeInstance(InitializersList.java:70) ~[hibernate-core-6.4.4.Final.jar:6.4.4.Final]
	at org.hibernate.sql.results.internal.StandardRowReader.coordinateInitializers(StandardRowReader.java:109) ~[hibernate-core-6.4.4.Final.jar:6.4.4.Final]
	at org.hibernate.sql.results.internal.StandardRowReader.readRow(StandardRowReader.java:86) ~[hibernate-core-6.4.4.Final.jar:6.4.4.Final]
	at org.hibernate.sql.results.spi.ListResultsConsumer.consume(ListResultsConsumer.java:188) ~[hibernate-core-6.4.4.Final.jar:6.4.4.Final]
	at org.hibernate.sql.results.spi.ListResultsConsumer.consume(ListResultsConsumer.java:33) ~[hibernate-core-6.4.4.Final.jar:6.4.4.Final]
	at org.hibernate.sql.exec.internal.JdbcSelectExecutorStandardImpl.doExecuteQuery(JdbcSelectExecutorStandardImpl.java:209) ~[hibernate-core-6.4.4.Final.jar:6.4.4.Final]
	at org.hibernate.sql.exec.internal.JdbcSelectExecutorStandardImpl.executeQuery(JdbcSelectExecutorStandardImpl.java:83) ~[hibernate-core-6.4.4.Final.jar:6.4.4.Final]
	at org.hibernate.sql.exec.spi.JdbcSelectExecutor.list(JdbcSelectExecutor.java:76) ~[hibernate-core-6.4.4.Final.jar:6.4.4.Final]
	at org.hibernate.sql.exec.spi.JdbcSelectExecutor.list(JdbcSelectExecutor.java:65) ~[hibernate-core-6.4.4.Final.jar:6.4.4.Final]
	at org.hibernate.loader.ast.internal.SingleIdLoadPlan.load(SingleIdLoadPlan.java:145) ~[hibernate-core-6.4.4.Final.jar:6.4.4.Final]
	at org.hibernate.loader.ast.internal.SingleIdLoadPlan.load(SingleIdLoadPlan.java:117) ~[hibernate-core-6.4.4.Final.jar:6.4.4.Final]
	at org.hibernate.loader.ast.internal.SingleIdEntityLoaderStandardImpl.load(SingleIdEntityLoaderStandardImpl.java:75) ~[hibernate-core-6.4.4.Final.jar:6.4.4.Final]
	at org.hibernate.persister.entity.AbstractEntityPersister.doLoad(AbstractEntityPersister.java:3748) ~[hibernate-core-6.4.4.Final.jar:6.4.4.Final]
	at org.hibernate.persister.entity.AbstractEntityPersister.load(AbstractEntityPersister.java:3737) ~[hibernate-core-6.4.4.Final.jar:6.4.4.Final]
	at org.hibernate.event.internal.DefaultLoadEventListener.loadFromDatasource(DefaultLoadEventListener.java:604) ~[hibernate-core-6.4.4.Final.jar:6.4.4.Final]
	at org.hibernate.event.internal.DefaultLoadEventListener.loadFromCacheOrDatasource(DefaultLoadEventListener.java:590) ~[hibernate-core-6.4.4.Final.jar:6.4.4.Final]
	at org.hibernate.event.internal.DefaultLoadEventListener.load(DefaultLoadEventListener.java:560) ~[hibernate-core-6.4.4.Final.jar:6.4.4.Final]
	at org.hibernate.event.internal.DefaultLoadEventListener.doLoad(DefaultLoadEventListener.java:544) ~[hibernate-core-6.4.4.Final.jar:6.4.4.Final]
	at org.hibernate.event.internal.DefaultLoadEventListener.load(DefaultLoadEventListener.java:207) ~[hibernate-core-6.4.4.Final.jar:6.4.4.Final]
	at org.hibernate.event.internal.DefaultLoadEventListener.loadWithRegularProxy(DefaultLoadEventListener.java:290) ~[hibernate-core-6.4.4.Final.jar:6.4.4.Final]
	at org.hibernate.event.internal.DefaultLoadEventListener.proxyOrLoad(DefaultLoadEventListener.java:242) ~[hibernate-core-6.4.4.Final.jar:6.4.4.Final]
	at org.hibernate.event.internal.DefaultLoadEventListener.doOnLoad(DefaultLoadEventListener.java:111) ~[hibernate-core-6.4.4.Final.jar:6.4.4.Final]
	at org.hibernate.event.internal.DefaultLoadEventListener.onLoad(DefaultLoadEventListener.java:68) ~[hibernate-core-6.4.4.Final.jar:6.4.4.Final]
	at org.hibernate.event.service.internal.EventListenerGroupImpl.fireEventOnEachListener(EventListenerGroupImpl.java:138) ~[hibernate-core-6.4.4.Final.jar:6.4.4.Final]
	at org.hibernate.internal.SessionImpl.fireLoadNoChecks(SessionImpl.java:1222) ~[hibernate-core-6.4.4.Final.jar:6.4.4.Final]
	at org.hibernate.internal.SessionImpl.fireLoad(SessionImpl.java:1210) ~[hibernate-core-6.4.4.Final.jar:6.4.4.Final]
	at org.hibernate.loader.internal.IdentifierLoadAccessImpl.load(IdentifierLoadAccessImpl.java:209) ~[hibernate-core-6.4.4.Final.jar:6.4.4.Final]
	at org.hibernate.loader.internal.IdentifierLoadAccessImpl.doLoad(IdentifierLoadAccessImpl.java:160) ~[hibernate-core-6.4.4.Final.jar:6.4.4.Final]
	at org.hibernate.loader.internal.IdentifierLoadAccessImpl.lambda$load$1(IdentifierLoadAccessImpl.java:149) ~[hibernate-core-6.4.4.Final.jar:6.4.4.Final]
	at org.hibernate.loader.internal.IdentifierLoadAccessImpl.perform(IdentifierLoadAccessImpl.java:112) ~[hibernate-core-6.4.4.Final.jar:6.4.4.Final]
	at org.hibernate.loader.internal.IdentifierLoadAccessImpl.load(IdentifierLoadAccessImpl.java:149) ~[hibernate-core-6.4.4.Final.jar:6.4.4.Final]
	at org.hibernate.internal.SessionImpl.find(SessionImpl.java:2424) ~[hibernate-core-6.4.4.Final.jar:6.4.4.Final]
	at org.hibernate.internal.SessionImpl.find(SessionImpl.java:2390) ~[hibernate-core-6.4.4.Final.jar:6.4.4.Final]
	at org.example.dao.impl.CoSoDAOImpl.getCoSoById(CoSoDAOImpl.java:34) ~[classes/:?]
	at org.example.util.CaLamValidationEngine.validateShift(CaLamValidationEngine.java:193) ~[classes/:?]
	at org.example.service.manager.CaLamService.createShift(CaLamService.java:287) ~[classes/:?]
	at org.example.controller.QuanLyCaLamManagerServlet.handleAddOrUpdate(QuanLyCaLamManagerServlet.java:272) ~[classes/:?]
	at org.example.controller.QuanLyCaLamManagerServlet.doPost(QuanLyCaLamManagerServlet.java:118) [classes/:?]
	at jdk.internal.reflect.NativeMethodAccessorImpl.invoke0(Native Method) ~[?:?]
	at jdk.internal.reflect.NativeMethodAccessorImpl.invoke(NativeMethodAccessorImpl.java:77) ~[?:?]
	at jdk.internal.reflect.DelegatingMethodAccessorImpl.invoke(DelegatingMethodAccessorImpl.java:43) ~[?:?]
	at java.lang.reflect.Method.invoke(Method.java:569) ~[?:?]
	at TestRunner.invokeServlet(TestRunner.java:232) [scratch/:?]
	at TestRunner.runTC16(TestRunner.java:510) [scratch/:?]
	at TestRunner.main(TestRunner.java:75) [scratch/:?]
Caused by: java.lang.IllegalArgumentException: Can not set boolean field org.example.model.CoSo.isDeleted to null value
	at jdk.internal.reflect.UnsafeFieldAccessorImpl.throwSetIllegalArgumentException(UnsafeFieldAccessorImpl.java:167) ~[?:?]
	at jdk.internal.reflect.UnsafeFieldAccessorImpl.throwSetIllegalArgumentException(UnsafeFieldAccessorImpl.java:171) ~[?:?]
	at jdk.internal.reflect.UnsafeBooleanFieldAccessorImpl.set(UnsafeBooleanFieldAccessorImpl.java:80) ~[?:?]
	at java.lang.reflect.Field.set(Field.java:799) ~[?:?]
	at org.hibernate.property.access.spi.SetterFieldImpl.set(SetterFieldImpl.java:57) ~[hibernate-core-6.4.4.Final.jar:6.4.4.Final]
	... 49 more
2026-07-06 17:17:30 [main] ERROR org.example.controller.QuanLyCaLamManagerServlet - Unexpected error in doPost: Null value was assigned to a property [class org.example.model.CoSo.isDeleted] of primitive type: 'org.example.model.CoSo.isDeleted' (setter)
org.hibernate.PropertyAccessException: Null value was assigned to a property [class org.example.model.CoSo.isDeleted] of primitive type: 'org.example.model.CoSo.isDeleted' (setter)
	at org.hibernate.property.access.spi.SetterFieldImpl.set(SetterFieldImpl.java:63) ~[hibernate-core-6.4.4.Final.jar:6.4.4.Final]
	at org.hibernate.persister.entity.AbstractEntityPersister.setPropertyValues(AbstractEntityPersister.java:4476) ~[hibernate-core-6.4.4.Final.jar:6.4.4.Final]
	at org.hibernate.sql.results.graph.entity.AbstractEntityInitializer.initializeEntityInstance(AbstractEntityInitializer.java:853) ~[hibernate-core-6.4.4.Final.jar:6.4.4.Final]
	at org.hibernate.sql.results.graph.entity.AbstractEntityInitializer.initializeEntity(AbstractEntityInitializer.java:813) ~[hibernate-core-6.4.4.Final.jar:6.4.4.Final]
	at org.hibernate.sql.results.graph.entity.AbstractEntityInitializer.initializeInstance(AbstractEntityInitializer.java:799) ~[hibernate-core-6.4.4.Final.jar:6.4.4.Final]
	at org.hibernate.sql.results.internal.InitializersList.initializeInstance(InitializersList.java:70) ~[hibernate-core-6.4.4.Final.jar:6.4.4.Final]
	at org.hibernate.sql.results.internal.StandardRowReader.coordinateInitializers(StandardRowReader.java:109) ~[hibernate-core-6.4.4.Final.jar:6.4.4.Final]
	at org.hibernate.sql.results.internal.StandardRowReader.readRow(StandardRowReader.java:86) ~[hibernate-core-6.4.4.Final.jar:6.4.4.Final]
	at org.hibernate.sql.results.spi.ListResultsConsumer.consume(ListResultsConsumer.java:188) ~[hibernate-core-6.4.4.Final.jar:6.4.4.Final]
	at org.hibernate.sql.results.spi.ListResultsConsumer.consume(ListResultsConsumer.java:33) ~[hibernate-core-6.4.4.Final.jar:6.4.4.Final]
	at org.hibernate.sql.exec.internal.JdbcSelectExecutorStandardImpl.doExecuteQuery(JdbcSelectExecutorStandardImpl.java:209) ~[hibernate-core-6.4.4.Final.jar:6.4.4.Final]
	at org.hibernate.sql.exec.internal.JdbcSelectExecutorStandardImpl.executeQuery(JdbcSelectExecutorStandardImpl.java:83) ~[hibernate-core-6.4.4.Final.jar:6.4.4.Final]
	at org.hibernate.sql.exec.spi.JdbcSelectExecutor.list(JdbcSelectExecutor.java:76) ~[hibernate-core-6.4.4.Final.jar:6.4.4.Final]
	at org.hibernate.sql.exec.spi.JdbcSelectExecutor.list(JdbcSelectExecutor.java:65) ~[hibernate-core-6.4.4.Final.jar:6.4.4.Final]
	at org.hibernate.loader.ast.internal.SingleIdLoadPlan.load(SingleIdLoadPlan.java:145) ~[hibernate-core-6.4.4.Final.jar:6.4.4.Final]
	at org.hibernate.loader.ast.internal.SingleIdLoadPlan.load(SingleIdLoadPlan.java:117) ~[hibernate-core-6.4.4.Final.jar:6.4.4.Final]
	at org.hibernate.loader.ast.internal.SingleIdEntityLoaderStandardImpl.load(SingleIdEntityLoaderStandardImpl.java:75) ~[hibernate-core-6.4.4.Final.jar:6.4.4.Final]
	at org.hibernate.persister.entity.AbstractEntityPersister.doLoad(AbstractEntityPersister.java:3748) ~[hibernate-core-6.4.4.Final.jar:6.4.4.Final]
	at org.hibernate.persister.entity.AbstractEntityPersister.load(AbstractEntityPersister.java:3737) ~[hibernate-core-6.4.4.Final.jar:6.4.4.Final]
	at org.hibernate.event.internal.DefaultLoadEventListener.loadFromDatasource(DefaultLoadEventListener.java:604) ~[hibernate-core-6.4.4.Final.jar:6.4.4.Final]
	at org.hibernate.event.internal.DefaultLoadEventListener.loadFromCacheOrDatasource(DefaultLoadEventListener.java:590) ~[hibernate-core-6.4.4.Final.jar:6.4.4.Final]
	at org.hibernate.event.internal.DefaultLoadEventListener.load(DefaultLoadEventListener.java:560) ~[hibernate-core-6.4.4.Final.jar:6.4.4.Final]
	at org.hibernate.event.internal.DefaultLoadEventListener.doLoad(DefaultLoadEventListener.java:544) ~[hibernate-core-6.4.4.Final.jar:6.4.4.Final]
	at org.hibernate.event.internal.DefaultLoadEventListener.load(DefaultLoadEventListener.java:207) ~[hibernate-core-6.4.4.Final.jar:6.4.4.Final]
	at org.hibernate.event.internal.DefaultLoadEventListener.loadWithRegularProxy(DefaultLoadEventListener.java:290) ~[hibernate-core-6.4.4.Final.jar:6.4.4.Final]
	at org.hibernate.event.internal.DefaultLoadEventListener.proxyOrLoad(DefaultLoadEventListener.java:242) ~[hibernate-core-6.4.4.Final.jar:6.4.4.Final]
	at org.hibernate.event.internal.DefaultLoadEventListener.doOnLoad(DefaultLoadEventListener.java:111) ~[hibernate-core-6.4.4.Final.jar:6.4.4.Final]
	at org.hibernate.event.internal.DefaultLoadEventListener.onLoad(DefaultLoadEventListener.java:68) ~[hibernate-core-6.4.4.Final.jar:6.4.4.Final]
	at org.hibernate.event.service.internal.EventListenerGroupImpl.fireEventOnEachListener(EventListenerGroupImpl.java:138) ~[hibernate-core-6.4.4.Final.jar:6.4.4.Final]
	at org.hibernate.internal.SessionImpl.fireLoadNoChecks(SessionImpl.java:1222) ~[hibernate-core-6.4.4.Final.jar:6.4.4.Final]
	at org.hibernate.internal.SessionImpl.fireLoad(SessionImpl.java:1210) ~[hibernate-core-6.4.4.Final.jar:6.4.4.Final]
	at org.hibernate.loader.internal.IdentifierLoadAccessImpl.load(IdentifierLoadAccessImpl.java:209) ~[hibernate-core-6.4.4.Final.jar:6.4.4.Final]
	at org.hibernate.loader.internal.IdentifierLoadAccessImpl.doLoad(IdentifierLoadAccessImpl.java:160) ~[hibernate-core-6.4.4.Final.jar:6.4.4.Final]
	at org.hibernate.loader.internal.IdentifierLoadAccessImpl.lambda$load$1(IdentifierLoadAccessImpl.java:149) ~[hibernate-core-6.4.4.Final.jar:6.4.4.Final]
	at org.hibernate.loader.internal.IdentifierLoadAccessImpl.perform(IdentifierLoadAccessImpl.java:112) ~[hibernate-core-6.4.4.Final.jar:6.4.4.Final]
	at org.hibernate.loader.internal.IdentifierLoadAccessImpl.load(IdentifierLoadAccessImpl.java:149) ~[hibernate-core-6.4.4.Final.jar:6.4.4.Final]
	at org.hibernate.internal.SessionImpl.find(SessionImpl.java:2424) ~[hibernate-core-6.4.4.Final.jar:6.4.4.Final]
	at org.hibernate.internal.SessionImpl.find(SessionImpl.java:2390) ~[hibernate-core-6.4.4.Final.jar:6.4.4.Final]
	at org.example.dao.impl.CoSoDAOImpl.getCoSoById(CoSoDAOImpl.java:34) ~[classes/:?]
	at org.example.util.CaLamValidationEngine.validateShift(CaLamValidationEngine.java:193) ~[classes/:?]
	at org.example.service.manager.CaLamService.createShift(CaLamService.java:287) ~[classes/:?]
	at org.example.controller.QuanLyCaLamManagerServlet.handleAddOrUpdate(QuanLyCaLamManagerServlet.java:272) ~[classes/:?]
	at org.example.controller.QuanLyCaLamManagerServlet.doPost(QuanLyCaLamManagerServlet.java:118) [classes/:?]
	at jdk.internal.reflect.GeneratedMethodAccessor16.invoke(Unknown Source) ~[?:?]
	at jdk.internal.reflect.DelegatingMethodAccessorImpl.invoke(DelegatingMethodAccessorImpl.java:43) ~[?:?]
	at java.lang.reflect.Method.invoke(Method.java:569) ~[?:?]
	at TestRunner.invokeServlet(TestRunner.java:232) [scratch/:?]
	at TestRunner.runTC17(TestRunner.java:526) [scratch/:?]
	at TestRunner.main(TestRunner.java:78) [scratch/:?]
Caused by: java.lang.IllegalArgumentException: Can not set boolean field org.example.model.CoSo.isDeleted to null value
	at jdk.internal.reflect.UnsafeFieldAccessorImpl.throwSetIllegalArgumentException(UnsafeFieldAccessorImpl.java:167) ~[?:?]
	at jdk.internal.reflect.UnsafeFieldAccessorImpl.throwSetIllegalArgumentException(UnsafeFieldAccessorImpl.java:171) ~[?:?]
	at jdk.internal.reflect.UnsafeBooleanFieldAccessorImpl.set(UnsafeBooleanFieldAccessorImpl.java:80) ~[?:?]
	at java.lang.reflect.Field.set(Field.java:799) ~[?:?]
	at org.hibernate.property.access.spi.SetterFieldImpl.set(SetterFieldImpl.java:57) ~[hibernate-core-6.4.4.Final.jar:6.4.4.Final]
	... 48 more
2026-07-06 17:17:30 [main] ERROR org.example.controller.QuanLyCaLamManagerServlet - Unexpected error in doPost: Null value was assigned to a property [class org.example.model.CoSo.isDeleted] of primitive type: 'org.example.model.CoSo.isDeleted' (setter)
org.hibernate.PropertyAccessException: Null value was assigned to a property [class org.example.model.CoSo.isDeleted] of primitive type: 'org.example.model.CoSo.isDeleted' (setter)
	at org.hibernate.property.access.spi.SetterFieldImpl.set(SetterFieldImpl.java:63) ~[hibernate-core-6.4.4.Final.jar:6.4.4.Final]
	at org.hibernate.persister.entity.AbstractEntityPersister.setPropertyValues(AbstractEntityPersister.java:4476) ~[hibernate-core-6.4.4.Final.jar:6.4.4.Final]
	at org.hibernate.sql.results.graph.entity.AbstractEntityInitializer.initializeEntityInstance(AbstractEntityInitializer.java:853) ~[hibernate-core-6.4.4.Final.jar:6.4.4.Final]
	at org.hibernate.sql.results.graph.entity.AbstractEntityInitializer.initializeEntity(AbstractEntityInitializer.java:813) ~[hibernate-core-6.4.4.Final.jar:6.4.4.Final]
	at org.hibernate.sql.results.graph.entity.AbstractEntityInitializer.initializeInstance(AbstractEntityInitializer.java:799) ~[hibernate-core-6.4.4.Final.jar:6.4.4.Final]
	at org.hibernate.sql.results.internal.InitializersList.initializeInstance(InitializersList.java:70) ~[hibernate-core-6.4.4.Final.jar:6.4.4.Final]
	at org.hibernate.sql.results.internal.StandardRowReader.coordinateInitializers(StandardRowReader.java:109) ~[hibernate-core-6.4.4.Final.jar:6.4.4.Final]
	at org.hibernate.sql.results.internal.StandardRowReader.readRow(StandardRowReader.java:86) ~[hibernate-core-6.4.4.Final.jar:6.4.4.Final]
	at org.hibernate.sql.results.spi.ListResultsConsumer.consume(ListResultsConsumer.java:188) ~[hibernate-core-6.4.4.Final.jar:6.4.4.Final]
	at org.hibernate.sql.results.spi.ListResultsConsumer.consume(ListResultsConsumer.java:33) ~[hibernate-core-6.4.4.Final.jar:6.4.4.Final]
	at org.hibernate.sql.exec.internal.JdbcSelectExecutorStandardImpl.doExecuteQuery(JdbcSelectExecutorStandardImpl.java:209) ~[hibernate-core-6.4.4.Final.jar:6.4.4.Final]
	at org.hibernate.sql.exec.internal.JdbcSelectExecutorStandardImpl.executeQuery(JdbcSelectExecutorStandardImpl.java:83) ~[hibernate-core-6.4.4.Final.jar:6.4.4.Final]
	at org.hibernate.sql.exec.spi.JdbcSelectExecutor.list(JdbcSelectExecutor.java:76) ~[hibernate-core-6.4.4.Final.jar:6.4.4.Final]
	at org.hibernate.sql.exec.spi.JdbcSelectExecutor.list(JdbcSelectExecutor.java:65) ~[hibernate-core-6.4.4.Final.jar:6.4.4.Final]
	at org.hibernate.loader.ast.internal.SingleIdLoadPlan.load(SingleIdLoadPlan.java:145) ~[hibernate-core-6.4.4.Final.jar:6.4.4.Final]
	at org.hibernate.loader.ast.internal.SingleIdLoadPlan.load(SingleIdLoadPlan.java:117) ~[hibernate-core-6.4.4.Final.jar:6.4.4.Final]
	at org.hibernate.loader.ast.internal.SingleIdEntityLoaderStandardImpl.load(SingleIdEntityLoaderStandardImpl.java:75) ~[hibernate-core-6.4.4.Final.jar:6.4.4.Final]
	at org.hibernate.persister.entity.AbstractEntityPersister.doLoad(AbstractEntityPersister.java:3748) ~[hibernate-core-6.4.4.Final.jar:6.4.4.Final]
	at org.hibernate.persister.entity.AbstractEntityPersister.load(AbstractEntityPersister.java:3737) ~[hibernate-core-6.4.4.Final.jar:6.4.4.Final]
	at org.hibernate.event.internal.DefaultLoadEventListener.loadFromDatasource(DefaultLoadEventListener.java:604) ~[hibernate-core-6.4.4.Final.jar:6.4.4.Final]
	at org.hibernate.event.internal.DefaultLoadEventListener.loadFromCacheOrDatasource(DefaultLoadEventListener.java:590) ~[hibernate-core-6.4.4.Final.jar:6.4.4.Final]
	at org.hibernate.event.internal.DefaultLoadEventListener.load(DefaultLoadEventListener.java:560) ~[hibernate-core-6.4.4.Final.jar:6.4.4.Final]
	at org.hibernate.event.internal.DefaultLoadEventListener.doLoad(DefaultLoadEventListener.java:544) ~[hibernate-core-6.4.4.Final.jar:6.4.4.Final]
	at org.hibernate.event.internal.DefaultLoadEventListener.load(DefaultLoadEventListener.java:207) ~[hibernate-core-6.4.4.Final.jar:6.4.4.Final]
	at org.hibernate.event.internal.DefaultLoadEventListener.loadWithRegularProxy(DefaultLoadEventListener.java:290) ~[hibernate-core-6.4.4.Final.jar:6.4.4.Final]
	at org.hibernate.event.internal.DefaultLoadEventListener.proxyOrLoad(DefaultLoadEventListener.java:242) ~[hibernate-core-6.4.4.Final.jar:6.4.4.Final]
	at org.hibernate.event.internal.DefaultLoadEventListener.doOnLoad(DefaultLoadEventListener.java:111) ~[hibernate-core-6.4.4.Final.jar:6.4.4.Final]
	at org.hibernate.event.internal.DefaultLoadEventListener.onLoad(DefaultLoadEventListener.java:68) ~[hibernate-core-6.4.4.Final.jar:6.4.4.Final]
	at org.hibernate.event.service.internal.EventListenerGroupImpl.fireEventOnEachListener(EventListenerGroupImpl.java:138) ~[hibernate-core-6.4.4.Final.jar:6.4.4.Final]
	at org.hibernate.internal.SessionImpl.fireLoadNoChecks(SessionImpl.java:1222) ~[hibernate-core-6.4.4.Final.jar:6.4.4.Final]
	at org.hibernate.internal.SessionImpl.fireLoad(SessionImpl.java:1210) ~[hibernate-core-6.4.4.Final.jar:6.4.4.Final]
	at org.hibernate.loader.internal.IdentifierLoadAccessImpl.load(IdentifierLoadAccessImpl.java:209) ~[hibernate-core-6.4.4.Final.jar:6.4.4.Final]
	at org.hibernate.loader.internal.IdentifierLoadAccessImpl.doLoad(IdentifierLoadAccessImpl.java:160) ~[hibernate-core-6.4.4.Final.jar:6.4.4.Final]
	at org.hibernate.loader.internal.IdentifierLoadAccessImpl.lambda$load$1(IdentifierLoadAccessImpl.java:149) ~[hibernate-core-6.4.4.Final.jar:6.4.4.Final]
	at org.hibernate.loader.internal.IdentifierLoadAccessImpl.perform(IdentifierLoadAccessImpl.java:112) ~[hibernate-core-6.4.4.Final.jar:6.4.4.Final]
	at org.hibernate.loader.internal.IdentifierLoadAccessImpl.load(IdentifierLoadAccessImpl.java:149) ~[hibernate-core-6.4.4.Final.jar:6.4.4.Final]
	at org.hibernate.internal.SessionImpl.find(SessionImpl.java:2424) ~[hibernate-core-6.4.4.Final.jar:6.4.4.Final]
	at org.hibernate.internal.SessionImpl.find(SessionImpl.java:2390) ~[hibernate-core-6.4.4.Final.jar:6.4.4.Final]
	at org.example.dao.impl.CoSoDAOImpl.getCoSoById(CoSoDAOImpl.java:34) ~[classes/:?]
	at org.example.util.CaLamValidationEngine.validateShift(CaLamValidationEngine.java:193) ~[classes/:?]
	at org.example.service.manager.CaLamService.createShift(CaLamService.java:287) ~[classes/:?]
	at org.example.controller.QuanLyCaLamManagerServlet.handleAddOrUpdate(QuanLyCaLamManagerServlet.java:272) ~[classes/:?]
	at org.example.controller.QuanLyCaLamManagerServlet.doPost(QuanLyCaLamManagerServlet.java:118) [classes/:?]
	at jdk.internal.reflect.GeneratedMethodAccessor16.invoke(Unknown Source) ~[?:?]
	at jdk.internal.reflect.DelegatingMethodAccessorImpl.invoke(DelegatingMethodAccessorImpl.java:43) ~[?:?]
	at java.lang.reflect.Method.invoke(Method.java:569) ~[?:?]
	at TestRunner.invokeServlet(TestRunner.java:232) [scratch/:?]
	at TestRunner.runTC18(TestRunner.java:542) [scratch/:?]
	at TestRunner.main(TestRunner.java:81) [scratch/:?]
Caused by: java.lang.IllegalArgumentException: Can not set boolean field org.example.model.CoSo.isDeleted to null value
	at jdk.internal.reflect.UnsafeFieldAccessorImpl.throwSetIllegalArgumentException(UnsafeFieldAccessorImpl.java:167) ~[?:?]
	at jdk.internal.reflect.UnsafeFieldAccessorImpl.throwSetIllegalArgumentException(UnsafeFieldAccessorImpl.java:171) ~[?:?]
	at jdk.internal.reflect.UnsafeBooleanFieldAccessorImpl.set(UnsafeBooleanFieldAccessorImpl.java:80) ~[?:?]
	at java.lang.reflect.Field.set(Field.java:799) ~[?:?]
	at org.hibernate.property.access.spi.SetterFieldImpl.set(SetterFieldImpl.java:57) ~[hibernate-core-6.4.4.Final.jar:6.4.4.Final]
	... 48 more
2026-07-06 17:17:30 [main] ERROR org.example.controller.QuanLyCaLamManagerServlet - Unexpected error in doPost: Null value was assigned to a property [class org.example.model.CoSo.isDeleted] of primitive type: 'org.example.model.CoSo.isDeleted' (setter)
org.hibernate.PropertyAccessException: Null value was assigned to a property [class org.example.model.CoSo.isDeleted] of primitive type: 'org.example.model.CoSo.isDeleted' (setter)
	at org.hibernate.property.access.spi.SetterFieldImpl.set(SetterFieldImpl.java:63) ~[hibernate-core-6.4.4.Final.jar:6.4.4.Final]
	at org.hibernate.persister.entity.AbstractEntityPersister.setPropertyValues(AbstractEntityPersister.java:4476) ~[hibernate-core-6.4.4.Final.jar:6.4.4.Final]
	at org.hibernate.sql.results.graph.entity.AbstractEntityInitializer.initializeEntityInstance(AbstractEntityInitializer.java:853) ~[hibernate-core-6.4.4.Final.jar:6.4.4.Final]
	at org.hibernate.sql.results.graph.entity.AbstractEntityInitializer.initializeEntity(AbstractEntityInitializer.java:813) ~[hibernate-core-6.4.4.Final.jar:6.4.4.Final]
	at org.hibernate.sql.results.graph.entity.AbstractEntityInitializer.initializeInstance(AbstractEntityInitializer.java:799) ~[hibernate-core-6.4.4.Final.jar:6.4.4.Final]
	at org.hibernate.sql.results.internal.InitializersList.initializeInstance(InitializersList.java:70) ~[hibernate-core-6.4.4.Final.jar:6.4.4.Final]
	at org.hibernate.sql.results.internal.StandardRowReader.coordinateInitializers(StandardRowReader.java:109) ~[hibernate-core-6.4.4.Final.jar:6.4.4.Final]
	at org.hibernate.sql.results.internal.StandardRowReader.readRow(StandardRowReader.java:86) ~[hibernate-core-6.4.4.Final.jar:6.4.4.Final]
	at org.hibernate.sql.results.spi.ListResultsConsumer.consume(ListResultsConsumer.java:188) ~[hibernate-core-6.4.4.Final.jar:6.4.4.Final]
	at org.hibernate.sql.results.spi.ListResultsConsumer.consume(ListResultsConsumer.java:33) ~[hibernate-core-6.4.4.Final.jar:6.4.4.Final]
	at org.hibernate.sql.exec.internal.JdbcSelectExecutorStandardImpl.doExecuteQuery(JdbcSelectExecutorStandardImpl.java:209) ~[hibernate-core-6.4.4.Final.jar:6.4.4.Final]
	at org.hibernate.sql.exec.internal.JdbcSelectExecutorStandardImpl.executeQuery(JdbcSelectExecutorStandardImpl.java:83) ~[hibernate-core-6.4.4.Final.jar:6.4.4.Final]
	at org.hibernate.sql.exec.spi.JdbcSelectExecutor.list(JdbcSelectExecutor.java:76) ~[hibernate-core-6.4.4.Final.jar:6.4.4.Final]
	at org.hibernate.sql.exec.spi.JdbcSelectExecutor.list(JdbcSelectExecutor.java:65) ~[hibernate-core-6.4.4.Final.jar:6.4.4.Final]
	at org.hibernate.loader.ast.internal.SingleIdLoadPlan.load(SingleIdLoadPlan.java:145) ~[hibernate-core-6.4.4.Final.jar:6.4.4.Final]
	at org.hibernate.loader.ast.internal.SingleIdLoadPlan.load(SingleIdLoadPlan.java:117) ~[hibernate-core-6.4.4.Final.jar:6.4.4.Final]
	at org.hibernate.loader.ast.internal.SingleIdEntityLoaderStandardImpl.load(SingleIdEntityLoaderStandardImpl.java:75) ~[hibernate-core-6.4.4.Final.jar:6.4.4.Final]
	at org.hibernate.persister.entity.AbstractEntityPersister.doLoad(AbstractEntityPersister.java:3748) ~[hibernate-core-6.4.4.Final.jar:6.4.4.Final]
	at org.hibernate.persister.entity.AbstractEntityPersister.load(AbstractEntityPersister.java:3737) ~[hibernate-core-6.4.4.Final.jar:6.4.4.Final]
	at org.hibernate.event.internal.DefaultLoadEventListener.loadFromDatasource(DefaultLoadEventListener.java:604) ~[hibernate-core-6.4.4.Final.jar:6.4.4.Final]
	at org.hibernate.event.internal.DefaultLoadEventListener.loadFromCacheOrDatasource(DefaultLoadEventListener.java:590) ~[hibernate-core-6.4.4.Final.jar:6.4.4.Final]
	at org.hibernate.event.internal.DefaultLoadEventListener.load(DefaultLoadEventListener.java:560) ~[hibernate-core-6.4.4.Final.jar:6.4.4.Final]
	at org.hibernate.event.internal.DefaultLoadEventListener.doLoad(DefaultLoadEventListener.java:544) ~[hibernate-core-6.4.4.Final.jar:6.4.4.Final]
	at org.hibernate.event.internal.DefaultLoadEventListener.load(DefaultLoadEventListener.java:207) ~[hibernate-core-6.4.4.Final.jar:6.4.4.Final]
	at org.hibernate.event.internal.DefaultLoadEventListener.loadWithRegularProxy(DefaultLoadEventListener.java:290) ~[hibernate-core-6.4.4.Final.jar:6.4.4.Final]
	at org.hibernate.event.internal.DefaultLoadEventListener.proxyOrLoad(DefaultLoadEventListener.java:242) ~[hibernate-core-6.4.4.Final.jar:6.4.4.Final]
	at org.hibernate.event.internal.DefaultLoadEventListener.doOnLoad(DefaultLoadEventListener.java:111) ~[hibernate-core-6.4.4.Final.jar:6.4.4.Final]
	at org.hibernate.event.internal.DefaultLoadEventListener.onLoad(DefaultLoadEventListener.java:68) ~[hibernate-core-6.4.4.Final.jar:6.4.4.Final]
	at org.hibernate.event.service.internal.EventListenerGroupImpl.fireEventOnEachListener(EventListenerGroupImpl.java:138) ~[hibernate-core-6.4.4.Final.jar:6.4.4.Final]
	at org.hibernate.internal.SessionImpl.fireLoadNoChecks(SessionImpl.java:1222) ~[hibernate-core-6.4.4.Final.jar:6.4.4.Final]
	at org.hibernate.internal.SessionImpl.fireLoad(SessionImpl.java:1210) ~[hibernate-core-6.4.4.Final.jar:6.4.4.Final]
	at org.hibernate.loader.internal.IdentifierLoadAccessImpl.load(IdentifierLoadAccessImpl.java:209) ~[hibernate-core-6.4.4.Final.jar:6.4.4.Final]
	at org.hibernate.loader.internal.IdentifierLoadAccessImpl.doLoad(IdentifierLoadAccessImpl.java:160) ~[hibernate-core-6.4.4.Final.jar:6.4.4.Final]
	at org.hibernate.loader.internal.IdentifierLoadAccessImpl.lambda$load$1(IdentifierLoadAccessImpl.java:149) ~[hibernate-core-6.4.4.Final.jar:6.4.4.Final]
	at org.hibernate.loader.internal.IdentifierLoadAccessImpl.perform(IdentifierLoadAccessImpl.java:112) ~[hibernate-core-6.4.4.Final.jar:6.4.4.Final]
	at org.hibernate.loader.internal.IdentifierLoadAccessImpl.load(IdentifierLoadAccessImpl.java:149) ~[hibernate-core-6.4.4.Final.jar:6.4.4.Final]
	at org.hibernate.internal.SessionImpl.find(SessionImpl.java:2424) ~[hibernate-core-6.4.4.Final.jar:6.4.4.Final]
	at org.hibernate.internal.SessionImpl.find(SessionImpl.java:2390) ~[hibernate-core-6.4.4.Final.jar:6.4.4.Final]
	at org.example.dao.impl.CoSoDAOImpl.getCoSoById(CoSoDAOImpl.java:34) ~[classes/:?]
	at org.example.util.CaLamValidationEngine.validateShift(CaLamValidationEngine.java:193) ~[classes/:?]
	at org.example.service.manager.CaLamService.createShift(CaLamService.java:287) ~[classes/:?]
	at org.example.controller.QuanLyCaLamManagerServlet.handleAddOrUpdate(QuanLyCaLamManagerServlet.java:272) ~[classes/:?]
	at org.example.controller.QuanLyCaLamManagerServlet.doPost(QuanLyCaLamManagerServlet.java:118) [classes/:?]
	at jdk.internal.reflect.GeneratedMethodAccessor16.invoke(Unknown Source) ~[?:?]
	at jdk.internal.reflect.DelegatingMethodAccessorImpl.invoke(DelegatingMethodAccessorImpl.java:43) ~[?:?]
	at java.lang.reflect.Method.invoke(Method.java:569) ~[?:?]
	at TestRunner.invokeServlet(TestRunner.java:232) [scratch/:?]
	at TestRunner.runTC19(TestRunner.java:558) [scratch/:?]
	at TestRunner.main(TestRunner.java:84) [scratch/:?]
Caused by: java.lang.IllegalArgumentException: Can not set boolean field org.example.model.CoSo.isDeleted to null value
	at jdk.internal.reflect.UnsafeFieldAccessorImpl.throwSetIllegalArgumentException(UnsafeFieldAccessorImpl.java:167) ~[?:?]
	at jdk.internal.reflect.UnsafeFieldAccessorImpl.throwSetIllegalArgumentException(UnsafeFieldAccessorImpl.java:171) ~[?:?]
	at jdk.internal.reflect.UnsafeBooleanFieldAccessorImpl.set(UnsafeBooleanFieldAccessorImpl.java:80) ~[?:?]
	at java.lang.reflect.Field.set(Field.java:799) ~[?:?]
	at org.hibernate.property.access.spi.SetterFieldImpl.set(SetterFieldImpl.java:57) ~[hibernate-core-6.4.4.Final.jar:6.4.4.Final]
	... 48 more
2026-07-06 17:18:18 [main] INFO  org.example.util.DBUtil - DBUtil: HikariCP data source initialized successfully
2026-07-06 17:18:19 [main] WARN  org.hibernate.orm.deprecation - HHH90000025: SQLServerDialect does not need to be specified explicitly using 'hibernate.dialect' (remove the property setting and it will be selected by default)
2026-07-06 17:18:21 [main] INFO  org.example.util.JPAUtil - JPAUtil: EntityManagerFactory created successfully for SportPU
2026-07-06 17:19:09 [main] INFO  org.example.util.DBUtil - DBUtil: HikariCP data source initialized successfully
2026-07-06 17:19:10 [main] WARN  org.hibernate.orm.deprecation - HHH90000025: SQLServerDialect does not need to be specified explicitly using 'hibernate.dialect' (remove the property setting and it will be selected by default)
2026-07-06 17:19:12 [main] INFO  org.example.util.JPAUtil - JPAUtil: EntityManagerFactory created successfully for SportPU
2026-07-06 17:19:29 [main] INFO  org.example.util.DBUtil - DBUtil: HikariCP data source initialized successfully
2026-07-06 17:19:30 [main] WARN  org.hibernate.orm.deprecation - HHH90000025: SQLServerDialect does not need to be specified explicitly using 'hibernate.dialect' (remove the property setting and it will be selected by default)
2026-07-06 17:19:32 [main] INFO  org.example.util.JPAUtil - JPAUtil: EntityManagerFactory created successfully for SportPU
2026-07-06 17:26:18 [main] INFO  org.example.util.DBUtil - DBUtil: HikariCP data source initialized successfully
2026-07-06 17:26:19 [main] WARN  org.hibernate.orm.deprecation - HHH90000025: SQLServerDialect does not need to be specified explicitly using 'hibernate.dialect' (remove the property setting and it will be selected by default)
2026-07-06 17:26:21 [main] INFO  org.example.util.JPAUtil - JPAUtil: EntityManagerFactory created successfully for SportPU
2026-07-06 17:26:40 [main] INFO  org.example.util.DBUtil - DBUtil: HikariCP data source initialized successfully
2026-07-06 17:26:41 [main] WARN  org.hibernate.orm.deprecation - HHH90000025: SQLServerDialect does not need to be specified explicitly using 'hibernate.dialect' (remove the property setting and it will be selected by default)
2026-07-06 17:26:43 [main] INFO  org.example.util.JPAUtil - JPAUtil: EntityManagerFactory created successfully for SportPU
2026-07-06 17:42:51 [main] INFO  org.example.util.DBUtil - DBUtil: HikariCP data source initialized successfully
2026-07-06 17:42:52 [main] WARN  org.hibernate.orm.deprecation - HHH90000025: SQLServerDialect does not need to be specified explicitly using 'hibernate.dialect' (remove the property setting and it will be selected by default)
2026-07-06 17:42:53 [main] INFO  org.example.util.JPAUtil - JPAUtil: EntityManagerFactory created successfully for SportPU
2026-07-06 17:43:09 [main] INFO  org.example.util.DBUtil - DBUtil: HikariCP data source initialized successfully
2026-07-06 17:43:10 [main] WARN  org.hibernate.orm.deprecation - HHH90000025: SQLServerDialect does not need to be specified explicitly using 'hibernate.dialect' (remove the property setting and it will be selected by default)
2026-07-06 17:43:11 [main] INFO  org.example.util.JPAUtil - JPAUtil: EntityManagerFactory created successfully for SportPU
2026-07-06 17:47:56 [main] INFO  org.example.util.DBUtil - DBUtil: HikariCP data source initialized successfully
2026-07-06 17:47:57 [main] WARN  org.hibernate.orm.deprecation - HHH90000025: SQLServerDialect does not need to be specified explicitly using 'hibernate.dialect' (remove the property setting and it will be selected by default)
2026-07-06 17:47:59 [main] INFO  org.example.util.JPAUtil - JPAUtil: EntityManagerFactory created successfully for SportPU
