SchemaName,TableName,OrdinalPosition,ColumnName,VietnameseColumnName,DataType,FullDataType,MaxLength,Precision,Scale,IsNullable,DefaultValue,IsIdentity,IdentitySeed,IdentityIncrement,IsComputed,ComputedDefinition,IsPrimaryKey,PrimaryKeyOrder,IsForeignKey,ForeignKeyName,ReferencedSchema,ReferencedTable,ReferencedColumn,IsUnique,CheckConstraint,BusinessDescription,SourceOfTruth,Notes
dbo,Accounts,1,AccountID,Mã tài khoản,INT,INT,,10,0,NO,,YES,1,1,NO,,YES,1,NO,,,,,YES,,,LIVE_DB_SNAPSHOT_2026-08-02,
dbo,Accounts,2,Username,Tên đăng nhập,VARCHAR,VARCHAR(50),50,,,YES,,NO,,,NO,,NO,,NO,,,,,YES,,,LIVE_DB_SNAPSHOT_2026-08-02,
dbo,Accounts,3,Password,Mật khẩu (đã băm),VARCHAR,VARCHAR(MAX),MAX,,,NO,,NO,,,NO,,NO,,NO,,,,,NO,,,LIVE_DB_SNAPSHOT_2026-08-02,
dbo,Accounts,4,FailedLoginCount,Số lần đăng nhập sai,INT,INT,,10,0,YES,((0)),NO,,,NO,,NO,,NO,,,,,NO,,,LIVE_DB_SNAPSHOT_2026-08-02,
dbo,Accounts,5,IsLocked,Đã khóa,BIT,BIT,,,,YES,((0)),NO,,,NO,,NO,,NO,,,,,NO,,,LIVE_DB_SNAPSHOT_2026-08-02,
dbo,Accounts,6,LastLogin,Lần đăng nhập cuối,DATETIME,DATETIME,,,,YES,,NO,,,NO,,NO,,NO,,,,,NO,,,LIVE_DB_SNAPSHOT_2026-08-02,
dbo,Accounts,7,GoogleID,ID Google,VARCHAR,VARCHAR(100),100,,,YES,,NO,,,NO,,NO,,NO,,,,,YES,,,LIVE_DB_SNAPSHOT_2026-08-02,
dbo,Accounts,8,FacebookID,ID Facebook,VARCHAR,VARCHAR(100),100,,,YES,,NO,,,NO,,NO,,NO,,,,,YES,,,LIVE_DB_SNAPSHOT_2026-08-02,
dbo,Accounts,9,FullName,Họ và tên,NVARCHAR,NVARCHAR(100),100,,,YES,,NO,,,NO,,NO,,NO,,,,,NO,,,LIVE_DB_SNAPSHOT_2026-08-02,
dbo,Accounts,10,PhoneNumber,Số điện thoại,VARCHAR,VARCHAR(15),15,,,YES,,NO,,,NO,,NO,,NO,,,,,NO,,,LIVE_DB_SNAPSHOT_2026-08-02,
dbo,Accounts,11,Email,Email,VARCHAR,VARCHAR(100),100,,,YES,,NO,,,NO,,NO,,NO,,,,,YES,,,LIVE_DB_SNAPSHOT_2026-08-02,
dbo,Accounts,12,RoleID,Mã vai trò,INT,INT,,10,0,YES,,NO,,,NO,,NO,,YES,FK_Acc_Role,dbo,Roles,RoleID,NO,,,LIVE_DB_SNAPSHOT_2026-08-02,
dbo,Accounts,13,ZaloID,ID Zalo,VARCHAR,VARCHAR(100),100,,,YES,,NO,,,NO,,NO,,NO,,,,,NO,,,LIVE_DB_SNAPSHOT_2026-08-02,
dbo,Accounts,14,MessengerID,ID Messenger,VARCHAR,VARCHAR(100),100,,,YES,,NO,,,NO,,NO,,NO,,,,,NO,,,LIVE_DB_SNAPSHOT_2026-08-02,
dbo,Accounts,15,DiemUyTin,Điểm uy tín,INT,INT,,10,0,YES,((100)),NO,,,NO,,NO,,NO,,,,,NO,,,LIVE_DB_SNAPSHOT_2026-08-02,
dbo,Accounts,16,DiemTrinhDo,Điểm trình độ (ELO),INT,INT,,10,0,YES,((1000)),NO,,,NO,,NO,,NO,,,,,NO,,,LIVE_DB_SNAPSHOT_2026-08-02,
dbo,Accounts,17,MaNganHang,Mã ngân hàng,VARCHAR,VARCHAR(20),20,,,YES,,NO,,,NO,,NO,,NO,,,,,NO,,,LIVE_DB_SNAPSHOT_2026-08-02,
dbo,Accounts,18,SoTaiKhoan,Số tài khoản ngân hàng,VARCHAR,VARCHAR(50),50,,,YES,,NO,,,NO,,NO,,NO,,,,,NO,,,LIVE_DB_SNAPSHOT_2026-08-02,
dbo,Accounts,19,ViTriSoTruong,ViTriSoTruong,NVARCHAR,NVARCHAR(50),50,,,YES,,NO,,,NO,,NO,,NO,,,,,NO,,,LIVE_DB_SNAPSHOT_2026-08-02,
dbo,Accounts,20,NhanThongBaoSOS,NhanThongBaoSOS,BIT,BIT,,,,YES,((1)),NO,,,NO,,NO,,NO,,,,,NO,,,LIVE_DB_SNAPSHOT_2026-08-02,
dbo,Accounts,21,NgaySinh,Ngày sinh,DATE,DATE,,,,YES,,NO,,,NO,,NO,,NO,,,,,NO,,,LIVE_DB_SNAPSHOT_2026-08-02,
dbo,Accounts,22,GioiTinh,Giới tính,NVARCHAR,NVARCHAR(10),10,,,YES,,NO,,,NO,,NO,,NO,,,,,NO,,,LIVE_DB_SNAPSHOT_2026-08-02,
dbo,Accounts,23,CreatedAt,Thời điểm tạo,DATETIME,DATETIME,,,,YES,(getdate()),NO,,,NO,,NO,,NO,,,,,NO,,,LIVE_DB_SNAPSHOT_2026-08-02,
dbo,Accounts,24,IsDeleted,Đã xóa mềm,BIT,BIT,,,,YES,((0)),NO,,,NO,,NO,,NO,,,,,NO,,,LIVE_DB_SNAPSHOT_2026-08-02,
dbo,Accounts,25,CoSoID,Mã cơ sở,INT,INT,,10,0,YES,,NO,,,NO,,NO,,YES,FK_Acc_CoSo,dbo,CoSo,CoSoID,NO,,,LIVE_DB_SNAPSHOT_2026-08-02,
dbo,Accounts,26,DeletedAt,Thời điểm xóa,DATETIME,DATETIME,,,,YES,,NO,,,NO,,NO,,NO,,,,,NO,,,LIVE_DB_SNAPSHOT_2026-08-02,
dbo,Accounts,27,DeletedBy,Người xóa,INT,INT,,10,0,YES,,NO,,,NO,,NO,,NO,,,,,NO,,,LIVE_DB_SNAPSHOT_2026-08-02,
dbo,Accounts,28,AvatarUrl,Ảnh đại diện,NVARCHAR,NVARCHAR(255),255,,,YES,,NO,,,NO,,NO,,NO,,,,,NO,,,LIVE_DB_SNAPSHOT_2026-08-02,
dbo,Accounts,29,CompletedBookingCount,CompletedBookingCount,INT,INT,,10,0,NO,((0)),NO,,,NO,,NO,,NO,,,,,NO,,,LIVE_DB_SNAPSHOT_2026-08-02,
dbo,Accounts,30,LateCancelCount,LateCancelCount,INT,INT,,10,0,NO,((0)),NO,,,NO,,NO,,NO,,,,,NO,,,LIVE_DB_SNAPSHOT_2026-08-02,
dbo,Accounts,31,NoShowCount,NoShowCount,INT,INT,,10,0,NO,((0)),NO,,,NO,,NO,,NO,,,,,NO,,,LIVE_DB_SNAPSHOT_2026-08-02,
dbo,Accounts,32,NhanThongBaoMarketing,NhanThongBaoMarketing,BIT,BIT,,,,NO,((1)),NO,,,NO,,NO,,NO,,,,,NO,,,LIVE_DB_SNAPSHOT_2026-08-02,
dbo,Accounts,33,FaceDescriptor,Vector đặc trưng khuôn mặt,NVARCHAR,NVARCHAR(MAX),MAX,,,YES,,NO,,,NO,,NO,,NO,,,,,NO,,,MIGRATION_SQL_NOT_IN_SNAPSHOT,Có trong migration src/main/resources/migration_face_attendance.sql nhưng KHÔNG có trong snapshot DB 2026-08-02
dbo,Accounts,34,FaceImagePath,Đường dẫn ảnh khuôn mặt,NVARCHAR,NVARCHAR(500),500,,,YES,,NO,,,NO,,NO,,NO,,,,,NO,,,MIGRATION_SQL_NOT_IN_SNAPSHOT,Có trong migration src/main/resources/migration_face_attendance.sql nhưng KHÔNG có trong snapshot DB 2026-08-02
dbo,Accounts,35,FaceEnrolledAt,Thời điểm đăng ký khuôn mặt,DATETIME,DATETIME,,,,YES,,NO,,,NO,,NO,,NO,,,,,NO,,,MIGRATION_SQL_NOT_IN_SNAPSHOT,Có trong migration src/main/resources/migration_face_attendance.sql nhưng KHÔNG có trong snapshot DB 2026-08-02
dbo,Accounts,36,CoverImageUrl,Ảnh bìa,NVARCHAR,NVARCHAR(500),500,,,YES,,NO,,,NO,,NO,,NO,,,,,NO,,,MIGRATION_SQL_NOT_IN_SNAPSHOT,Có trong migration sql/migration_customer_profile.sql nhưng KHÔNG có trong snapshot DB 2026-08-02
dbo,Accounts,37,ChieuCaoCm,ChieuCaoCm,INT,INT,,10,0,YES,,NO,,,NO,,NO,,NO,,,,,NO,,,MIGRATION_SQL_NOT_IN_SNAPSHOT,Có trong migration sql/migration_customer_profile.sql nhưng KHÔNG có trong snapshot DB 2026-08-02
dbo,Accounts,38,CanNangKg,CanNangKg,INT,INT,,10,0,YES,,NO,,,NO,,NO,,NO,,,,,NO,,,MIGRATION_SQL_NOT_IN_SNAPSHOT,Có trong migration sql/migration_customer_profile.sql nhưng KHÔNG có trong snapshot DB 2026-08-02
dbo,Accounts,39,GhiChuDacBiet,ghi chú DacBiet,NVARCHAR,NVARCHAR(500),500,,,YES,,NO,,,NO,,NO,,NO,,,,,NO,,,MIGRATION_SQL_NOT_IN_SNAPSHOT,Có trong migration sql/migration_customer_profile.sql nhưng KHÔNG có trong snapshot DB 2026-08-02
dbo,Accounts,40,ViTriYeuThich,ViTriYeuThich,NVARCHAR,NVARCHAR(255),255,,,YES,,NO,,,NO,,NO,,NO,,,,,NO,,,MIGRATION_SQL_NOT_IN_SNAPSHOT,Có trong migration sql/migration_customer_profile.sql nhưng KHÔNG có trong snapshot DB 2026-08-02
dbo,Accounts,41,MonTheThaoYeuThichID,mã MonTheThaoYeuThich,INT,INT,,10,0,YES,,NO,,,NO,,NO,,YES,FK_Accounts_MonTheThaoYeuThich,dbo,MonTheThao,MonTheThaoID,NO,,,MIGRATION_SQL_NOT_IN_SNAPSHOT,Có trong migration sql/migration_customer_profile.sql nhưng KHÔNG có trong snapshot DB 2026-08-02
dbo,Accounts,42,TrinhDoChoi,TrinhDoChoi,VARCHAR,VARCHAR(30),30,,,YES,,NO,,,NO,,NO,,NO,,,,,NO,,,MIGRATION_SQL_NOT_IN_SNAPSHOT,Có trong migration sql/migration_customer_profile.sql nhưng KHÔNG có trong snapshot DB 2026-08-02
dbo,Accounts,43,MucTieuChoi,MucTieuChoi,NVARCHAR,NVARCHAR(255),255,,,YES,,NO,,,NO,,NO,,NO,,,,,NO,,,MIGRATION_SQL_NOT_IN_SNAPSHOT,Có trong migration sql/migration_customer_profile.sql nhưng KHÔNG có trong snapshot DB 2026-08-02
dbo,Accounts,44,TanSuatChoi,TanSuatChoi,VARCHAR,VARCHAR(30),30,,,YES,,NO,,,NO,,NO,,NO,,,,,NO,,,MIGRATION_SQL_NOT_IN_SNAPSHOT,Có trong migration sql/migration_customer_profile.sql nhưng KHÔNG có trong snapshot DB 2026-08-02
dbo,Accounts,45,QrImagePath,Ảnh QR nhận lương,NVARCHAR,NVARCHAR(500),500,,,YES,,NO,,,NO,,NO,,NO,,,,,NO,,,MIGRATION_SQL_NOT_IN_SNAPSHOT,Có trong migration sql/migration_salary.sql nhưng KHÔNG có trong snapshot DB 2026-08-02
dbo,AdminTrash,1,TrashID,Mã bản ghi thùng rác,INT,INT,,10,0,NO,,YES,1,1,NO,,YES,1,NO,,,,,YES,,,LIVE_DB_SNAPSHOT_2026-08-02,
dbo,AdminTrash,2,EntityType,EntityType,NVARCHAR,NVARCHAR(100),100,,,NO,,NO,,,NO,,NO,,NO,,,,,NO,,,LIVE_DB_SNAPSHOT_2026-08-02,
dbo,AdminTrash,3,EntityID,mã Entity,INT,INT,,10,0,NO,,NO,,,NO,,NO,,NO,,,,,NO,,,LIVE_DB_SNAPSHOT_2026-08-02,
dbo,AdminTrash,4,DisplayName,DisplayName,NVARCHAR,NVARCHAR(255),255,,,YES,,NO,,,NO,,NO,,NO,,,,,NO,,,LIVE_DB_SNAPSHOT_2026-08-02,
dbo,AdminTrash,5,SourceTable,SourceTable,NVARCHAR,NVARCHAR(100),100,,,NO,,NO,,,NO,,NO,,NO,,,,,NO,,,LIVE_DB_SNAPSHOT_2026-08-02,
dbo,AdminTrash,6,OldStatus,OldStatus,NVARCHAR,NVARCHAR(100),100,,,YES,,NO,,,NO,,NO,,NO,,,,,NO,,,LIVE_DB_SNAPSHOT_2026-08-02,
dbo,AdminTrash,7,DeletedBy,Người xóa,INT,INT,,10,0,YES,,NO,,,NO,,NO,,NO,,,,,NO,,,LIVE_DB_SNAPSHOT_2026-08-02,
dbo,AdminTrash,8,DeletedAt,Thời điểm xóa,DATETIME2,DATETIME2,,,,NO,(sysutcdatetime()),NO,,,NO,,NO,,NO,,,,,NO,,,LIVE_DB_SNAPSHOT_2026-08-02,
dbo,AdminTrash,9,Reason,Reason,NVARCHAR,NVARCHAR(500),500,,,YES,,NO,,,NO,,NO,,NO,,,,,NO,,,LIVE_DB_SNAPSHOT_2026-08-02,
dbo,AdminTrash,10,IsRestored,cờ Restored,BIT,BIT,,,,NO,((0)),NO,,,NO,,NO,,NO,,,,,NO,,,LIVE_DB_SNAPSHOT_2026-08-02,
dbo,AdminTrash,11,RestoredBy,RestoredBy,INT,INT,,10,0,YES,,NO,,,NO,,NO,,NO,,,,,NO,,,LIVE_DB_SNAPSHOT_2026-08-02,
dbo,AdminTrash,12,RestoredAt,RestoredAt,DATETIME2,DATETIME2,,,,YES,,NO,,,NO,,NO,,NO,,,,,NO,,,LIVE_DB_SNAPSHOT_2026-08-02,
dbo,AuditLog,1,AuditLogID,mã AuditLog,BIGINT,BIGINT,,19,0,NO,,YES,1,1,NO,,YES,1,NO,,,,,YES,,,LIVE_DB_SNAPSHOT_2026-08-02,
dbo,AuditLog,2,ActorAccountID,mã ActorAccount,INT,INT,,10,0,YES,,NO,,,NO,,NO,,NO,,,,,NO,,,LIVE_DB_SNAPSHOT_2026-08-02,
dbo,AuditLog,3,ActorName,ActorName,NVARCHAR,NVARCHAR(255),255,,,NO,,NO,,,NO,,NO,,NO,,,,,NO,,,LIVE_DB_SNAPSHOT_2026-08-02,
dbo,AuditLog,4,ActorRole,ActorRole,INT,INT,,10,0,NO,,NO,,,NO,,NO,,NO,,,,,NO,,,LIVE_DB_SNAPSHOT_2026-08-02,
dbo,AuditLog,5,CoSoID,Mã cơ sở,INT,INT,,10,0,YES,,NO,,,NO,,NO,,NO,,,,,NO,,,LIVE_DB_SNAPSHOT_2026-08-02,
dbo,AuditLog,6,Action,Hành động (checkin/checkout),NVARCHAR,NVARCHAR(100),100,,,NO,,NO,,,NO,,NO,,NO,,,,,NO,,,LIVE_DB_SNAPSHOT_2026-08-02,
dbo,AuditLog,7,EntityType,EntityType,NVARCHAR,NVARCHAR(100),100,,,NO,,NO,,,NO,,NO,,NO,,,,,NO,,,LIVE_DB_SNAPSHOT_2026-08-02,
dbo,AuditLog,8,EntityID,mã Entity,NVARCHAR,NVARCHAR(50),50,,,YES,,NO,,,NO,,NO,,NO,,,,,NO,,,LIVE_DB_SNAPSHOT_2026-08-02,
dbo,AuditLog,9,EntityName,EntityName,NVARCHAR,NVARCHAR(500),500,,,YES,,NO,,,NO,,NO,,NO,,,,,NO,,,LIVE_DB_SNAPSHOT_2026-08-02,
dbo,AuditLog,10,Details,Details,NVARCHAR,NVARCHAR(MAX),MAX,,,YES,,NO,,,NO,,NO,,NO,,,,,NO,,,LIVE_DB_SNAPSHOT_2026-08-02,
dbo,AuditLog,11,IpAddress,IpAddress,NVARCHAR,NVARCHAR(50),50,,,YES,,NO,,,NO,,NO,,NO,,,,,NO,,,LIVE_DB_SNAPSHOT_2026-08-02,
dbo,AuditLog,12,CreatedAt,Thời điểm tạo,DATETIME2,DATETIME2,,,,NO,(getdate()),NO,,,NO,,NO,,NO,,,,,NO,,,LIVE_DB_SNAPSHOT_2026-08-02,
dbo,BangLuong,1,BangLuongID,Mã bảng lương,INT,INT,,10,0,YES,,YES,1,1,NO,,YES,1,NO,,,,,YES,,,MIGRATION_SQL,Từ sql/migration_salary.sql
dbo,BangLuong,2,KyLuongID,Mã kỳ lương,INT,INT,,10,0,NO,,NO,,,NO,,NO,,YES,FK_BangLuong_KyLuongID,dbo,KyLuong,KyLuongID,NO,,,MIGRATION_SQL,Từ sql/migration_salary.sql
dbo,BangLuong,3,AccountID,Mã tài khoản,INT,INT,,10,0,NO,,NO,,,NO,,NO,,YES,FK_BangLuong_AccountID,dbo,Accounts,AccountID,NO,,,MIGRATION_SQL,Từ sql/migration_salary.sql
dbo,BangLuong,4,LuongCoBan,Lương cơ bản,DECIMAL,"DECIMAL(18,0)",,18,0,NO,0,NO,,,NO,,NO,,NO,,,,,NO,,,MIGRATION_SQL,Từ sql/migration_salary.sql
dbo,BangLuong,5,TongPhuCap,Tổng phụ cấp,DECIMAL,"DECIMAL(18,0)",,18,0,NO,0,NO,,,NO,,NO,,NO,,,,,NO,,,MIGRATION_SQL,Từ sql/migration_salary.sql
dbo,BangLuong,6,TongKhauTru,Tổng khấu trừ,DECIMAL,"DECIMAL(18,0)",,18,0,NO,0,NO,,,NO,,NO,,NO,,,,,NO,,,MIGRATION_SQL,Từ sql/migration_salary.sql
dbo,BangLuong,7,TongLuongThuc,Tổng lương thực nhận,DECIMAL,"DECIMAL(18,0)",,18,0,NO,0,NO,,,NO,,NO,,NO,,,,,NO,,,MIGRATION_SQL,Từ sql/migration_salary.sql
dbo,BangLuong,8,SoCaLamViec,Số ca làm việc,INT,INT,,10,0,NO,0,NO,,,NO,,NO,,NO,,,,,NO,,,MIGRATION_SQL,Từ sql/migration_salary.sql
dbo,BangLuong,9,TrangThai,Trạng thái,VARCHAR,VARCHAR(30),30,,,NO,'ChuaTinh',NO,,,NO,,NO,,NO,,,,,NO,,,MIGRATION_SQL,Từ sql/migration_salary.sql
dbo,BangLuong,10,GhiChu,Ghi chú,NVARCHAR,NVARCHAR(500),500,,,YES,,NO,,,NO,,NO,,NO,,,,,NO,,,MIGRATION_SQL,Từ sql/migration_salary.sql
dbo,BangLuong,11,CreatedAt,Thời điểm tạo,DATETIME,DATETIME,,,,NO,GETDATE(),NO,,,NO,,NO,,NO,,,,,NO,,,MIGRATION_SQL,Từ sql/migration_salary.sql
dbo,BookingExtension,1,ExtensionID,mã Extension,INT,INT,,10,0,NO,,YES,1,1,NO,,YES,1,NO,,,,,YES,,,MIGRATION_SQL,Từ sql/migration_booking_extension.sql
dbo,BookingExtension,2,DatSanID,Mã đặt sân,INT,INT,,10,0,NO,,NO,,,NO,,NO,,YES,FK_BookingExtension_LichDatSan,dbo,LichDatSan,DatSanID,NO,,,MIGRATION_SQL,Từ sql/migration_booking_extension.sql
dbo,BookingExtension,3,OldGioKetThuc,OldGioKetThuc,TIME,TIME,,,,NO,,NO,,,NO,,NO,,NO,,,,,NO,,,MIGRATION_SQL,Từ sql/migration_booking_extension.sql
dbo,BookingExtension,4,NewGioKetThuc,NewGioKetThuc,TIME,TIME,,,,NO,,NO,,,NO,,NO,,NO,,,,,NO,,,MIGRATION_SQL,Từ sql/migration_booking_extension.sql
dbo,BookingExtension,5,OldGioKetThucDateTime,OldGioKetThucDateTime,DATETIME2,DATETIME2,,,,YES,,NO,,,NO,,NO,,NO,,,,,NO,,,MIGRATION_SQL,Từ sql/migration_booking_extension.sql
dbo,BookingExtension,6,NewGioKetThucDateTime,NewGioKetThucDateTime,DATETIME2,DATETIME2,,,,YES,,NO,,,NO,,NO,,NO,,,,,NO,,,MIGRATION_SQL,Từ sql/migration_booking_extension.sql
dbo,BookingExtension,7,AdditionalAmount,AdditionalAmount,DECIMAL,"DECIMAL(18,2)",,18,2,NO,,NO,,,NO,,NO,,NO,,,,,NO,,,MIGRATION_SQL,Từ sql/migration_booking_extension.sql
dbo,BookingExtension,8,OperatorAccountID,mã OperatorAccount,INT,INT,,10,0,NO,,NO,,,NO,,NO,,YES,FK_BookingExtension_Operator,dbo,Accounts,AccountID,NO,,,MIGRATION_SQL,Từ sql/migration_booking_extension.sql
dbo,BookingExtension,9,CreatedAt,Thời điểm tạo,DATETIME2,DATETIME2,,,,NO,GETDATE(),NO,,,NO,,NO,,NO,,,,,NO,,,MIGRATION_SQL,Từ sql/migration_booking_extension.sql
dbo,CaLamViec,1,CaLamViecID,Mã ca làm việc,INT,INT,,10,0,NO,,YES,1,1,NO,,YES,1,NO,,,,,YES,,,LIVE_DB_SNAPSHOT_2026-08-02,
dbo,CaLamViec,2,AccountID,Mã tài khoản,INT,INT,,10,0,NO,,NO,,,NO,,NO,,YES,FK_Ca_Account,dbo,Accounts,AccountID,NO,,,LIVE_DB_SNAPSHOT_2026-08-02,
dbo,CaLamViec,3,CoSoID,Mã cơ sở,INT,INT,,10,0,NO,,NO,,,NO,,NO,,YES,FK_Ca_CoSo,dbo,CoSo,CoSoID,NO,,,LIVE_DB_SNAPSHOT_2026-08-02,
dbo,CaLamViec,4,NgayLam,Ngày làm,DATE,DATE,,,,NO,,NO,,,NO,,NO,,NO,,,,,NO,,,LIVE_DB_SNAPSHOT_2026-08-02,
dbo,CaLamViec,5,GioBatDau,Giờ bắt đầu,TIME,TIME,,,,NO,,NO,,,NO,,NO,,NO,,,,,NO,,,LIVE_DB_SNAPSHOT_2026-08-02,
dbo,CaLamViec,6,GioKetThuc,Giờ kết thúc,TIME,TIME,,,,NO,,NO,,,NO,,NO,,NO,,,,,NO,,,LIVE_DB_SNAPSHOT_2026-08-02,
dbo,CaLamViec,7,GhiChu,Ghi chú,NVARCHAR,NVARCHAR(255),255,,,YES,,NO,,,NO,,NO,,NO,,,,,NO,,,LIVE_DB_SNAPSHOT_2026-08-02,
dbo,CaLamViec,8,Thu,Thứ trong tuần,INT,INT,,10,0,YES,,NO,,,NO,,NO,,NO,,,,,NO,,,LIVE_DB_SNAPSHOT_2026-08-02,
dbo,CaLamViec,9,IsPublished,Đã công bố,BIT,BIT,,,,NO,((0)),NO,,,NO,,NO,,NO,,,,,NO,,,LIVE_DB_SNAPSHOT_2026-08-02,
dbo,CaLamViec,10,TenCa,Tên ca,NVARCHAR,NVARCHAR(50),50,,,YES,,NO,,,NO,,NO,,NO,,,,,NO,,,LIVE_DB_SNAPSHOT_2026-08-02,
dbo,CaLamViec,11,ViTri,Vị trí,NVARCHAR,NVARCHAR(50),50,,,YES,,NO,,,NO,,NO,,NO,,,,,NO,,,LIVE_DB_SNAPSHOT_2026-08-02,
dbo,CaLamViec,12,TrangThai,Trạng thái,VARCHAR,VARCHAR(30),30,,,NO,('Draft'),NO,,,NO,,NO,,NO,,,,,NO,,,LIVE_DB_SNAPSHOT_2026-08-02,
dbo,CaLamViec,13,GioNghi,Giờ nghỉ giữa ca (phút),INT,INT,,10,0,NO,((0)),NO,,,NO,,NO,,NO,,,,,NO,,,LIVE_DB_SNAPSHOT_2026-08-02,
dbo,CaLamViec,14,IsDeleted,Đã xóa mềm,BIT,BIT,,,,NO,((0)),NO,,,NO,,NO,,NO,,,,,NO,,,LIVE_DB_SNAPSHOT_2026-08-02,
dbo,CaLamViec,15,DeletedAt,Thời điểm xóa,DATETIME,DATETIME,,,,YES,,NO,,,NO,,NO,,NO,,,,,NO,,,LIVE_DB_SNAPSHOT_2026-08-02,
dbo,CaLamViec,16,DeletedBy,Người xóa,INT,INT,,10,0,YES,,NO,,,NO,,NO,,NO,,,,,NO,,,LIVE_DB_SNAPSHOT_2026-08-02,
dbo,CaLamViec,17,IsCustomTime,Ca giờ tùy chỉnh,BIT,BIT,,,,NO,((0)),NO,,,NO,,NO,,NO,,,,,NO,,,LIVE_DB_SNAPSHOT_2026-08-02,
dbo,CaLamViec,18,CustomTimeReason,Lý do giờ tùy chỉnh,NVARCHAR,NVARCHAR(255),255,,,YES,,NO,,,NO,,NO,,NO,,,,,NO,,,LIVE_DB_SNAPSHOT_2026-08-02,
dbo,CaLamViec,19,FaceVerified,Đã xác thực khuôn mặt,BIT,BIT,,,,NO,0,NO,,,NO,,NO,,NO,,,,,NO,,,MIGRATION_SQL_NOT_IN_SNAPSHOT,Có trong migration src/main/resources/migration_face_attendance.sql nhưng KHÔNG có trong snapshot DB 2026-08-02
dbo,CaLamViec,20,FaceCheckInImage,Ảnh check-in,NVARCHAR,NVARCHAR(500),500,,,YES,,NO,,,NO,,NO,,NO,,,,,NO,,,MIGRATION_SQL_NOT_IN_SNAPSHOT,Có trong migration src/main/resources/migration_face_attendance.sql nhưng KHÔNG có trong snapshot DB 2026-08-02
dbo,CaLamViec,21,FaceConfidence,Độ tin cậy khi check-in,FLOAT,FLOAT,,,,YES,,NO,,,NO,,NO,,NO,,,,,NO,,,MIGRATION_SQL_NOT_IN_SNAPSHOT,Có trong migration src/main/resources/migration_face_attendance.sql nhưng KHÔNG có trong snapshot DB 2026-08-02
dbo,CaLamViec,22,FaceLivenessPassed,Đạt kiểm tra liveness,BIT,BIT,,,,NO,0,NO,,,NO,,NO,,NO,,,,,NO,,,MIGRATION_SQL_NOT_IN_SNAPSHOT,Có trong migration src/main/resources/migration_face_attendance.sql nhưng KHÔNG có trong snapshot DB 2026-08-02
dbo,CaLamViec,23,FaceCheckOutImage,Ảnh check-out,NVARCHAR,NVARCHAR(500),500,,,YES,,NO,,,NO,,NO,,NO,,,,,NO,,,MIGRATION_SQL_NOT_IN_SNAPSHOT,Có trong migration src/main/resources/migration_face_attendance.sql nhưng KHÔNG có trong snapshot DB 2026-08-02
dbo,CaLamViec,24,FaceCheckOutConfidence,Độ tin cậy khi check-out,FLOAT,FLOAT,,,,YES,,NO,,,NO,,NO,,NO,,,,,NO,,,MIGRATION_SQL_NOT_IN_SNAPSHOT,Có trong migration src/main/resources/migration_face_attendance.sql nhưng KHÔNG có trong snapshot DB 2026-08-02
dbo,CaLamViec,25,GioVaoThuc,Giờ vào thực tế,DATETIME,DATETIME,,,,YES,,NO,,,NO,,NO,,NO,,,,,NO,,,MIGRATION_SQL_NOT_IN_SNAPSHOT,Có trong migration sql/migration_guard_module.sql nhưng KHÔNG có trong snapshot DB 2026-08-02
dbo,CaLamViec,26,GioRaThuc,Giờ ra thực tế,DATETIME,DATETIME,,,,YES,,NO,,,NO,,NO,,NO,,,,,NO,,,MIGRATION_SQL_NOT_IN_SNAPSHOT,Có trong migration sql/migration_guard_module.sql nhưng KHÔNG có trong snapshot DB 2026-08-02
dbo,CaLamViec_Audit,1,AuditID,mã Audit,INT,INT,,10,0,NO,,NO,,,NO,,YES,1,NO,,,,,YES,,,LIVE_DB_SNAPSHOT_2026-08-02,
dbo,CaLamViec_Audit,2,CaLamViecID,Mã ca làm việc,INT,INT,,10,0,NO,,NO,,,NO,,NO,,NO,,,,,NO,,,LIVE_DB_SNAPSHOT_2026-08-02,
dbo,CaLamViec_Audit,3,ThaoTac,ThaoTac,VARCHAR,VARCHAR(50),50,,,NO,,NO,,,NO,,NO,,NO,,,,,NO,,,LIVE_DB_SNAPSHOT_2026-08-02,
dbo,CaLamViec_Audit,4,NguoiThucHien,NguoiThucHien,INT,INT,,10,0,NO,,NO,,,NO,,NO,,YES,FK__CaLamViec__Nguoi__5CA1C101,dbo,Accounts,AccountID,NO,,,LIVE_DB_SNAPSHOT_2026-08-02,
dbo,CaLamViec_Audit,5,ThoiGian,ThoiGian,DATETIME,DATETIME,,,,YES,(getdate()),NO,,,NO,,NO,,NO,,,,,NO,,,LIVE_DB_SNAPSHOT_2026-08-02,
dbo,CaLamViec_Audit,6,GiaTriCu,GiaTriCu,NVARCHAR,NVARCHAR(MAX),MAX,,,YES,,NO,,,NO,,NO,,NO,,,,,NO,,,LIVE_DB_SNAPSHOT_2026-08-02,
dbo,CaLamViec_Audit,7,GiaTriMoi,GiaTriMoi,NVARCHAR,NVARCHAR(MAX),MAX,,,YES,,NO,,,NO,,NO,,NO,,,,,NO,,,LIVE_DB_SNAPSHOT_2026-08-02,
dbo,CaLamViec_Audit,8,LyDo,Lý do,NVARCHAR,NVARCHAR(255),255,,,YES,,NO,,,NO,,NO,,NO,,,,,NO,,,LIVE_DB_SNAPSHOT_2026-08-02,
dbo,CaLamViec_Availability,1,AvailabilityID,mã Availability,INT,INT,,10,0,NO,,NO,,,NO,,YES,1,NO,,,,,YES,,,LIVE_DB_SNAPSHOT_2026-08-02,
dbo,CaLamViec_Availability,2,AccountID,Mã tài khoản,INT,INT,,10,0,NO,,NO,,,NO,,NO,,YES,FK__CaLamViec__Accou__4F47C5E3,dbo,Accounts,AccountID,NO,,,LIVE_DB_SNAPSHOT_2026-08-02,
dbo,CaLamViec_Availability,3,CoSoID,Mã cơ sở,INT,INT,,10,0,NO,,NO,,,NO,,NO,,YES,FK__CaLamViec__CoSoI__503BEA1C,dbo,CoSo,CoSoID,NO,,,LIVE_DB_SNAPSHOT_2026-08-02,
dbo,CaLamViec_Availability,4,Ngay,Ngay,DATE,DATE,,,,NO,,NO,,,NO,,NO,,NO,,,,,NO,,,LIVE_DB_SNAPSHOT_2026-08-02,
dbo,CaLamViec_Availability,5,GioBatDau,Giờ bắt đầu,TIME,TIME,,,,NO,,NO,,,NO,,NO,,NO,,,,,NO,,,LIVE_DB_SNAPSHOT_2026-08-02,
dbo,CaLamViec_Availability,6,GioKetThuc,Giờ kết thúc,TIME,TIME,,,,NO,,NO,,,NO,,NO,,NO,,,,,NO,,,LIVE_DB_SNAPSHOT_2026-08-02,
dbo,CaLamViec_Availability,7,TrangThai,Trạng thái,VARCHAR,VARCHAR(20),20,,,NO,('Ranh'),NO,,,NO,,NO,,NO,,,,,NO,,,LIVE_DB_SNAPSHOT_2026-08-02,
dbo,CaLamViec_Availability,8,GhiChu,Ghi chú,NVARCHAR,NVARCHAR(255),255,,,YES,,NO,,,NO,,NO,,NO,,,,,NO,,,LIVE_DB_SNAPSHOT_2026-08-02,
dbo,CaLamViec_Availability,9,CreatedAt,Thời điểm tạo,DATETIME,DATETIME,,,,YES,(getdate()),NO,,,NO,,NO,,NO,,,,,NO,,,LIVE_DB_SNAPSHOT_2026-08-02,
dbo,CaLamViec_Availability,10,DuyetTrangThai,trạng thái Duyet,VARCHAR,VARCHAR(20),20,,,YES,('DaDuyet'),NO,,,NO,,NO,,NO,,,,,NO,,,LIVE_DB_SNAPSHOT_2026-08-02,
dbo,CaLamViec_Availability,11,PhanHoi,PhanHoi,NVARCHAR,NVARCHAR(255),255,,,YES,,NO,,,NO,,NO,,NO,,,,,NO,,,LIVE_DB_SNAPSHOT_2026-08-02,
dbo,CaLamViec_SwapRequest,1,SwapRequestID,mã SwapRequest,INT,INT,,10,0,NO,,NO,,,NO,,YES,1,NO,,,,,YES,,,LIVE_DB_SNAPSHOT_2026-08-02,
dbo,CaLamViec_SwapRequest,2,AccountID_Gui,AccountID_Gui,INT,INT,,10,0,NO,,NO,,,NO,,NO,,YES,FK__CaLamViec__Accou__55009F39,dbo,Accounts,AccountID,NO,,,LIVE_DB_SNAPSHOT_2026-08-02,
dbo,CaLamViec_SwapRequest,3,CaLamViecID_Gui,CaLamViecID_Gui,INT,INT,,10,0,NO,,NO,,,NO,,NO,,YES,FK__CaLamViec__CaLam__56E8E7AB,dbo,CaLamViec,CaLamViecID,NO,,,LIVE_DB_SNAPSHOT_2026-08-02,
dbo,CaLamViec_SwapRequest,4,AccountID_Nhan,AccountID_Nhan,INT,INT,,10,0,NO,,NO,,,NO,,NO,,YES,FK__CaLamViec__Accou__55F4C372,dbo,Accounts,AccountID,NO,,,LIVE_DB_SNAPSHOT_2026-08-02,
dbo,CaLamViec_SwapRequest,5,CaLamViecID_Nhan,CaLamViecID_Nhan,INT,INT,,10,0,YES,,NO,,,NO,,NO,,YES,FK__CaLamViec__CaLam__57DD0BE4,dbo,CaLamViec,CaLamViecID,NO,,,LIVE_DB_SNAPSHOT_2026-08-02,
dbo,CaLamViec_SwapRequest,6,LyDo,Lý do,NVARCHAR,NVARCHAR(255),255,,,YES,,NO,,,NO,,NO,,NO,,,,,NO,,,LIVE_DB_SNAPSHOT_2026-08-02,
dbo,CaLamViec_SwapRequest,7,TrangThai,Trạng thái,VARCHAR,VARCHAR(30),30,,,NO,('ChoXacNhan'),NO,,,NO,,NO,,NO,,,,,NO,,,LIVE_DB_SNAPSHOT_2026-08-02,
dbo,CaLamViec_SwapRequest,8,NguoiDuyet,NguoiDuyet,INT,INT,,10,0,YES,,NO,,,NO,,NO,,YES,FK__CaLamViec__Nguoi__58D1301D,dbo,Accounts,AccountID,NO,,,LIVE_DB_SNAPSHOT_2026-08-02,
dbo,CaLamViec_SwapRequest,9,NgayGui,ngày Gui,DATETIME,DATETIME,,,,YES,(getdate()),NO,,,NO,,NO,,NO,,,,,NO,,,LIVE_DB_SNAPSHOT_2026-08-02,
dbo,CaLamViec_SwapRequest,10,NgayDuyet,ngày Duyet,DATETIME,DATETIME,,,,YES,,NO,,,NO,,NO,,NO,,,,,NO,,,LIVE_DB_SNAPSHOT_2026-08-02,
dbo,CaLamViec_SwapRequest,11,GhiChuQuanLy,Ghi chú của quản lý,NVARCHAR,NVARCHAR(255),255,,,YES,,NO,,,NO,,NO,,NO,,,,,NO,,,LIVE_DB_SNAPSHOT_2026-08-02,
dbo,CauHinhLuong,1,CauHinhLuongID,Mã cấu hình lương,INT,INT,,10,0,YES,,YES,1,1,NO,,YES,1,NO,,,,,YES,,,MIGRATION_SQL,Từ sql/migration_salary.sql
dbo,CauHinhLuong,2,AccountID,Mã tài khoản,INT,INT,,10,0,NO,,NO,,,NO,,NO,,YES,FK_CauHinhLuong_AccountID,dbo,Accounts,AccountID,NO,,,MIGRATION_SQL,Từ sql/migration_salary.sql
dbo,CauHinhLuong,3,CoSoID,Mã cơ sở,INT,INT,,10,0,NO,,NO,,,NO,,NO,,YES,FK_CauHinhLuong_CoSoID,dbo,CoSo,CoSoID,NO,,,MIGRATION_SQL,Từ sql/migration_salary.sql
dbo,CauHinhLuong,4,LuongCoBan,Lương cơ bản,DECIMAL,"DECIMAL(18,0)",,18,0,NO,0,NO,,,NO,,NO,,NO,,,,,NO,,,MIGRATION_SQL,Từ sql/migration_salary.sql
dbo,CauHinhLuong,5,PhuCapMoiCa,Phụ cấp mỗi ca,DECIMAL,"DECIMAL(18,0)",,18,0,NO,0,NO,,,NO,,NO,,NO,,,,,NO,,,MIGRATION_SQL,Từ sql/migration_salary.sql
dbo,CauHinhLuong,6,HanMucUng,Hạn mức ứng,DECIMAL,"DECIMAL(18,0)",,18,0,NO,0,NO,,,NO,,NO,,NO,,,,,NO,,,MIGRATION_SQL,Từ sql/migration_salary.sql
dbo,CauHinhLuong,7,GhiChu,Ghi chú,NVARCHAR,NVARCHAR(500),500,,,YES,,NO,,,NO,,NO,,NO,,,,,NO,,,MIGRATION_SQL,Từ sql/migration_salary.sql
dbo,CauHinhLuong,8,CreatedAt,Thời điểm tạo,DATETIME,DATETIME,,,,NO,GETDATE(),NO,,,NO,,NO,,NO,,,,,NO,,,MIGRATION_SQL,Từ sql/migration_salary.sql
dbo,CauHinhLuong,9,UpdatedAt,Thời điểm cập nhật,DATETIME,DATETIME,,,,NO,GETDATE(),NO,,,NO,,NO,,NO,,,,,NO,,,MIGRATION_SQL,Từ sql/migration_salary.sql
dbo,ChiaHoaDon,1,ChiaHoaDonID,mã ChiaHoaDon,INT,INT,,10,0,YES,,YES,1,1,NO,,YES,1,NO,,,,,YES,,,MIGRATION_SQL,Từ Tài nguyên/QuanLiSport_V4.sql
dbo,ChiaHoaDon,2,HoaDonID,Mã hóa đơn,INT,INT,,10,0,NO,,NO,,,NO,,NO,,YES,FK_Chia_HoaDon,dbo,HoaDon,HoaDonID,NO,,,MIGRATION_SQL,Từ Tài nguyên/QuanLiSport_V4.sql
dbo,ChiaHoaDon,3,AccountID,Mã tài khoản,INT,INT,,10,0,NO,,NO,,,NO,,NO,,YES,FK_Chia_Account,dbo,Accounts,AccountID,NO,,,MIGRATION_SQL,Từ Tài nguyên/QuanLiSport_V4.sql
dbo,ChiaHoaDon,4,SoTienPhanBo,số tiền PhanBo,DECIMAL,"DECIMAL(18,2)",,18,2,NO,,NO,,,NO,,NO,,NO,,,,,NO,,,MIGRATION_SQL,Từ Tài nguyên/QuanLiSport_V4.sql
dbo,ChiaHoaDon,5,DaTra,DaTra,BIT,BIT,,,,YES,0,NO,,,NO,,NO,,NO,,,,,NO,,,MIGRATION_SQL,Từ Tài nguyên/QuanLiSport_V4.sql
dbo,ChiaHoaDon,6,ThoiGianTra,thời gian Tra,DATETIME,DATETIME,,,,YES,,NO,,,NO,,NO,,NO,,,,,NO,,,MIGRATION_SQL,Từ Tài nguyên/QuanLiSport_V4.sql
dbo,ChiaHoaDon,7,GhiChu,Ghi chú,NVARCHAR,NVARCHAR(255),255,,,YES,,NO,,,NO,,NO,,NO,,,,,NO,,,MIGRATION_SQL,Từ Tài nguyên/QuanLiSport_V4.sql
dbo,ChiTietGhepKeo,1,ChiTietKeoID,mã ChiTietKeo,INT,INT,,10,0,NO,,YES,1,1,NO,,YES,1,NO,,,,,YES,,,LIVE_DB_SNAPSHOT_2026-08-02,
dbo,ChiTietGhepKeo,2,KeoID,Mã kèo,INT,INT,,10,0,YES,,NO,,,NO,,NO,,YES,FK_CTGK_Keo,dbo,GhepKeo,KeoID,NO,,,LIVE_DB_SNAPSHOT_2026-08-02,
dbo,ChiTietGhepKeo,3,AccountID_NguoiThamGia,AccountID_NguoiThamGia,INT,INT,,10,0,YES,,NO,,,NO,,NO,,YES,FK_CTGK_Account,dbo,Accounts,AccountID,NO,,,LIVE_DB_SNAPSHOT_2026-08-02,
dbo,ChiTietGhepKeo,4,TrangThaiThamGia,trạng thái ThamGia,NVARCHAR,NVARCHAR(50),50,,,YES,(N'Chờ duyệt'),NO,,,NO,,NO,,NO,,,,,NO,,,LIVE_DB_SNAPSHOT_2026-08-02,
dbo,ChiTietGhepKeo,5,ViTriThamGia,ViTriThamGia,NVARCHAR,NVARCHAR(50),50,,,YES,,NO,,,NO,,NO,,NO,,,,,NO,,,LIVE_DB_SNAPSHOT_2026-08-02,
dbo,ChiTietGhepKeo,6,TeamIDNguoiThamGia,TeamIDNguoiThamGia,INT,INT,,10,0,YES,,NO,,,NO,,NO,,YES,FK_ChiTietGhepKeo_TeamNguoiThamGia,dbo,Teams,TeamID,NO,,,MIGRATION_SQL_NOT_IN_SNAPSHOT,Có trong migration sql/migration_team_management.sql nhưng KHÔNG có trong snapshot DB 2026-08-02
dbo,ChiTietHoaDon,1,ChiTietID,mã ChiTiet,INT,INT,,10,0,NO,,YES,1,1,NO,,YES,1,NO,,,,,YES,,,LIVE_DB_SNAPSHOT_2026-08-02,
dbo,ChiTietHoaDon,2,HoaDonID,Mã hóa đơn,INT,INT,,10,0,YES,,NO,,,NO,,NO,,YES,FK_CTHD_HoaDon,dbo,HoaDon,HoaDonID,NO,,,LIVE_DB_SNAPSHOT_2026-08-02,
dbo,ChiTietHoaDon,3,SanPhamID,Mã sản phẩm,INT,INT,,10,0,YES,,NO,,,NO,,NO,,YES,FK_CTHD_SP,dbo,SanPham_DichVu,SanPhamID,NO,,,LIVE_DB_SNAPSHOT_2026-08-02,
dbo,ChiTietHoaDon,4,SoLuong,SoLuong,INT,INT,,10,0,NO,,NO,,,NO,,NO,,NO,,,,,NO,,,LIVE_DB_SNAPSHOT_2026-08-02,
dbo,ChiTietHoaDon,5,DonGiaTaiThoiDiemBan,đơn giá TaiThoiDiemBan,FLOAT,FLOAT,,53,,YES,,NO,,,NO,,NO,,NO,,,,,NO,,,LIVE_DB_SNAPSHOT_2026-08-02,
dbo,ChiTietHoaDon,6,ThanhTien,ThanhTien,FLOAT,FLOAT,,53,,YES,,NO,,,NO,,NO,,NO,,,,,NO,,,LIVE_DB_SNAPSHOT_2026-08-02,
dbo,CoSo,1,CoSoID,Mã cơ sở,INT,INT,,10,0,NO,,YES,1,1,NO,,YES,1,NO,,,,,YES,,,LIVE_DB_SNAPSHOT_2026-08-02,
dbo,CoSo,2,TenCoSo,tên CoSo,NVARCHAR,NVARCHAR(100),100,,,NO,,NO,,,NO,,NO,,NO,,,,,NO,,,LIVE_DB_SNAPSHOT_2026-08-02,
dbo,CoSo,3,DiaChi,DiaChi,NVARCHAR,NVARCHAR(255),255,,,YES,,NO,,,NO,,NO,,NO,,,,,NO,,,LIVE_DB_SNAPSHOT_2026-08-02,
dbo,CoSo,4,SoDienThoai,SoDienThoai,VARCHAR,VARCHAR(15),15,,,YES,,NO,,,NO,,NO,,NO,,,,,NO,,,LIVE_DB_SNAPSHOT_2026-08-02,
dbo,CoSo,5,TrangThai,Trạng thái,NVARCHAR,NVARCHAR(50),50,,,YES,(N'Hoạt động'),NO,,,NO,,NO,,NO,,,,,NO,,,LIVE_DB_SNAPSHOT_2026-08-02,
dbo,CoSo,6,GioMoCua,giờ MoCua,TIME,TIME,,,,YES,,NO,,,NO,,NO,,NO,,,,,NO,,,LIVE_DB_SNAPSHOT_2026-08-02,
dbo,CoSo,7,GioDongCua,giờ DongCua,TIME,TIME,,,,YES,,NO,,,NO,,NO,,NO,,,,,NO,,,LIVE_DB_SNAPSHOT_2026-08-02,
dbo,CoSo,8,HinhAnh,HinhAnh,NVARCHAR,NVARCHAR(500),500,,,YES,,NO,,,NO,,NO,,NO,,,,,NO,,,LIVE_DB_SNAPSHOT_2026-08-02,
dbo,CoSo,9,MoTa,Mô tả,NVARCHAR,NVARCHAR(MAX),MAX,,,YES,,NO,,,NO,,NO,,NO,,,,,NO,,,LIVE_DB_SNAPSHOT_2026-08-02,
dbo,CoSo,10,LoaiHinhKinhDoanh,loại HinhKinhDoanh,NVARCHAR,NVARCHAR(255),255,,,YES,,NO,,,NO,,NO,,NO,,,,,NO,,,LIVE_DB_SNAPSHOT_2026-08-02,
dbo,CoSo,11,SoLuongSanDuKien,số lượng SanDuKien,INT,INT,,10,0,YES,((0)),NO,,,NO,,NO,,NO,,,,,NO,,,LIVE_DB_SNAPSHOT_2026-08-02,
dbo,CoSo,12,AccountID_QuanLy,AccountID_QuanLy,INT,INT,,10,0,YES,,NO,,,NO,,NO,,YES,FK_CoSo_QuanLy,dbo,Accounts,AccountID,NO,,,LIVE_DB_SNAPSHOT_2026-08-02,
dbo,CoSo,13,PayOS_ClientID,mã PayOS_Client,VARCHAR,VARCHAR(255),255,,,YES,,NO,,,NO,,NO,,NO,,,,,NO,,,LIVE_DB_SNAPSHOT_2026-08-02,
dbo,CoSo,14,PayOS_ApiKey,PayOS_ApiKey,VARCHAR,VARCHAR(255),255,,,YES,,NO,,,NO,,NO,,NO,,,,,NO,,,LIVE_DB_SNAPSHOT_2026-08-02,
dbo,CoSo,15,PayOS_ChecksumKey,PayOS_ChecksumKey,VARCHAR,VARCHAR(255),255,,,YES,,NO,,,NO,,NO,,NO,,,,,NO,,,LIVE_DB_SNAPSHOT_2026-08-02,
dbo,CoSo,16,IsDeleted,Đã xóa mềm,BIT,BIT,,,,YES,((0)),NO,,,NO,,NO,,NO,,,,,NO,,,LIVE_DB_SNAPSHOT_2026-08-02,
dbo,CoSo,17,DeletedAt,Thời điểm xóa,DATETIME,DATETIME,,,,YES,,NO,,,NO,,NO,,NO,,,,,NO,,,LIVE_DB_SNAPSHOT_2026-08-02,
dbo,CoSo,18,DeletedBy,Người xóa,INT,INT,,10,0,YES,,NO,,,NO,,NO,,NO,,,,,NO,,,LIVE_DB_SNAPSHOT_2026-08-02,
dbo,CoSo,19,ViDo,ViDo,DECIMAL,"DECIMAL(10,7)",,10,7,YES,,NO,,,NO,,NO,,NO,,,,,NO,,,LIVE_DB_SNAPSHOT_2026-08-02,
dbo,CoSo,20,KinhDo,KinhDo,DECIMAL,"DECIMAL(10,7)",,10,7,YES,,NO,,,NO,,NO,,NO,,,,,NO,,,LIVE_DB_SNAPSHOT_2026-08-02,
dbo,CoSoCapability,1,CapabilityID,mã Capability,INT,INT,,10,0,NO,,YES,1,1,NO,,YES,1,NO,,,,,YES,,,LIVE_DB_SNAPSHOT_2026-08-02,
dbo,CoSoCapability,2,CoSoID,Mã cơ sở,INT,INT,,10,0,NO,,NO,,,NO,,NO,,YES,FK_CoSoCapability_CoSo,dbo,CoSo,CoSoID,NO,,,LIVE_DB_SNAPSHOT_2026-08-02,
dbo,CoSoCapability,3,CapabilityType,CapabilityType,NVARCHAR,NVARCHAR(50),50,,,NO,,NO,,,NO,,NO,,NO,,,,,NO,,,LIVE_DB_SNAPSHOT_2026-08-02,
dbo,CoSoCapability,4,TrangThai,Trạng thái,NVARCHAR,NVARCHAR(20),20,,,NO,(N'PENDING'),NO,,,NO,,NO,,NO,,,,,NO,,,LIVE_DB_SNAPSHOT_2026-08-02,
dbo,CoSoCapability,5,RequestedAt,RequestedAt,DATETIME2,DATETIME2,,,,NO,(sysutcdatetime()),NO,,,NO,,NO,,NO,,,,,NO,,,LIVE_DB_SNAPSHOT_2026-08-02,
dbo,CoSoCapability,6,ApprovedBy,ApprovedBy,INT,INT,,10,0,YES,,NO,,,NO,,NO,,YES,FK_CoSoCapability_ApprovedBy,dbo,Accounts,AccountID,NO,,,LIVE_DB_SNAPSHOT_2026-08-02,
dbo,CoSoCapability,7,ApprovedAt,ApprovedAt,DATETIME2,DATETIME2,,,,YES,,NO,,,NO,,NO,,NO,,,,,NO,,,LIVE_DB_SNAPSHOT_2026-08-02,
dbo,CoSoCapability,8,RejectReason,RejectReason,NVARCHAR,NVARCHAR(500),500,,,YES,,NO,,,NO,,NO,,NO,,,,,NO,,,LIVE_DB_SNAPSHOT_2026-08-02,
dbo,CoSoCapability,9,Note,Note,NVARCHAR,NVARCHAR(500),500,,,YES,,NO,,,NO,,NO,,NO,,,,,NO,,,LIVE_DB_SNAPSHOT_2026-08-02,
dbo,CoSoCapability,10,UpdatedAt,Thời điểm cập nhật,DATETIME2,DATETIME2,,,,NO,(sysutcdatetime()),NO,,,NO,,NO,,NO,,,,,NO,,,LIVE_DB_SNAPSHOT_2026-08-02,
dbo,CoSoFaceConfig,1,CoSoID,Mã cơ sở,INT,INT,,10,0,YES,,NO,,,NO,,YES,1,YES,FK_FaceConfig_CoSo,dbo,CoSo,CoSoID,YES,,,MIGRATION_SQL,Từ src/main/resources/migration_face_attendance.sql
dbo,CoSoFaceConfig,2,FaceRequired,Bắt buộc điểm danh khuôn mặt,BIT,BIT,,,,NO,0,NO,,,NO,,NO,,NO,,,,,NO,,,MIGRATION_SQL,Từ src/main/resources/migration_face_attendance.sql
dbo,CoSoFaceConfig,3,ConfidenceMin,Ngưỡng tin cậy tối thiểu,FLOAT,FLOAT,,,,NO,0.6,NO,,,NO,,NO,,NO,,,,,NO,,,MIGRATION_SQL,Từ src/main/resources/migration_face_attendance.sql
dbo,CoSoFaceConfig,4,UpdatedAt,Thời điểm cập nhật,DATETIME,DATETIME,,,,YES,,NO,,,NO,,NO,,NO,,,,,NO,,,MIGRATION_SQL,Từ src/main/resources/migration_face_attendance.sql
dbo,CoSoNganHang,1,CoSoID,Mã cơ sở,INT,INT,,10,0,NO,,NO,,,NO,,YES,1,YES,FK_CoSoNganHang_CoSo,dbo,CoSo,CoSoID,YES,,,LIVE_DB_SNAPSHOT_2026-08-02,
dbo,CoSoNganHang,2,BankName,BankName,NVARCHAR,NVARCHAR(100),100,,,NO,,NO,,,NO,,NO,,NO,,,,,NO,,,LIVE_DB_SNAPSHOT_2026-08-02,
dbo,CoSoNganHang,3,BankShortCode,BankShortCode,VARCHAR,VARCHAR(20),20,,,NO,,NO,,,NO,,NO,,NO,,,,,NO,,,LIVE_DB_SNAPSHOT_2026-08-02,
dbo,CoSoNganHang,4,AccountName,AccountName,NVARCHAR,NVARCHAR(100),100,,,NO,,NO,,,NO,,NO,,NO,,,,,NO,,,LIVE_DB_SNAPSHOT_2026-08-02,
dbo,CoSoNganHang,5,AccountNumber,AccountNumber,VARCHAR,VARCHAR(50),50,,,NO,,NO,,,NO,,NO,,NO,,,,,NO,,,LIVE_DB_SNAPSHOT_2026-08-02,
dbo,CoSoNganHang,6,UpdatedAt,Thời điểm cập nhật,DATETIME2,DATETIME2,,,,NO,(getdate()),NO,,,NO,,NO,,NO,,,,,NO,,,LIVE_DB_SNAPSHOT_2026-08-02,
dbo,CourtChargeSegment,1,SegmentID,mã Segment,INT,INT,,10,0,NO,,YES,1,1,NO,,YES,1,NO,,,,,YES,,,LIVE_DB_SNAPSHOT_2026-08-02,
dbo,CourtChargeSegment,2,HoaDonID,Mã hóa đơn,INT,INT,,10,0,NO,,NO,,,NO,,NO,,YES,FK_CourtChargeSegment_HoaDon,dbo,HoaDon,HoaDonID,NO,,,LIVE_DB_SNAPSHOT_2026-08-02,
dbo,CourtChargeSegment,3,DatSanID,Mã đặt sân,INT,INT,,10,0,NO,,NO,,,NO,,NO,,YES,FK_CourtChargeSegment_LichDatSan,dbo,LichDatSan,DatSanID,NO,,,LIVE_DB_SNAPSHOT_2026-08-02,
dbo,CourtChargeSegment,4,SegmentOrder,SegmentOrder,INT,INT,,10,0,NO,,NO,,,NO,,NO,,NO,,,,,NO,,,LIVE_DB_SNAPSHOT_2026-08-02,
dbo,CourtChargeSegment,5,StartAt,StartAt,DATETIME2,DATETIME2,,,,NO,,NO,,,NO,,NO,,NO,,,,,NO,,,LIVE_DB_SNAPSHOT_2026-08-02,
dbo,CourtChargeSegment,6,EndAt,EndAt,DATETIME2,DATETIME2,,,,NO,,NO,,,NO,,NO,,NO,,,,,NO,,,LIVE_DB_SNAPSHOT_2026-08-02,
dbo,CourtChargeSegment,7,DurationMinutes,DurationMinutes,INT,INT,,10,0,NO,,NO,,,NO,,NO,,NO,,,,,NO,,,LIVE_DB_SNAPSHOT_2026-08-02,
dbo,CourtChargeSegment,8,RateType,RateType,NVARCHAR,NVARCHAR(30),30,,,NO,,NO,,,NO,,NO,,NO,,,,,NO,,,LIVE_DB_SNAPSHOT_2026-08-02,
dbo,CourtChargeSegment,9,HourlyRate,HourlyRate,DECIMAL,"DECIMAL(18,2)",,18,2,NO,,NO,,,NO,,NO,,NO,,,,,NO,,,LIVE_DB_SNAPSHOT_2026-08-02,
dbo,CourtChargeSegment,10,Amount,Amount,DECIMAL,"DECIMAL(18,2)",,18,2,NO,,NO,,,NO,,NO,,NO,,,,,NO,,,LIVE_DB_SNAPSHOT_2026-08-02,
dbo,CourtChargeSegment,11,CreatedAt,Thời điểm tạo,DATETIME2,DATETIME2,,,,NO,(getdate()),NO,,,NO,,NO,,NO,,,,,NO,,,LIVE_DB_SNAPSHOT_2026-08-02,
dbo,CustomerReputationHistory,1,ReputationHistoryID,mã ReputationHistory,BIGINT,BIGINT,,19,0,NO,,YES,1,1,NO,,YES,1,NO,,,,,YES,,,LIVE_DB_SNAPSHOT_2026-08-02,
dbo,CustomerReputationHistory,2,AccountID,Mã tài khoản,INT,INT,,10,0,NO,,NO,,,NO,,NO,,YES,FK_ReputationHistory_Account,dbo,Accounts,AccountID,NO,,,LIVE_DB_SNAPSHOT_2026-08-02,
dbo,CustomerReputationHistory,3,DatSanID,Mã đặt sân,INT,INT,,10,0,YES,,NO,,,NO,,NO,,YES,FK_ReputationHistory_DatSan,dbo,LichDatSan,DatSanID,NO,,,LIVE_DB_SNAPSHOT_2026-08-02,
dbo,CustomerReputationHistory,4,ActionType,ActionType,NVARCHAR,NVARCHAR(30),30,,,NO,,NO,,,NO,,NO,,NO,,,,,NO,,,LIVE_DB_SNAPSHOT_2026-08-02,
dbo,CustomerReputationHistory,5,ScoreDelta,ScoreDelta,INT,INT,,10,0,NO,,NO,,,NO,,NO,,NO,,,,,NO,,,LIVE_DB_SNAPSHOT_2026-08-02,
dbo,CustomerReputationHistory,6,ScoreBefore,ScoreBefore,INT,INT,,10,0,NO,,NO,,,NO,,NO,,NO,,,,,NO,,,LIVE_DB_SNAPSHOT_2026-08-02,
dbo,CustomerReputationHistory,7,ScoreAfter,ScoreAfter,INT,INT,,10,0,NO,,NO,,,NO,,NO,,NO,,,,,NO,,,LIVE_DB_SNAPSHOT_2026-08-02,
dbo,CustomerReputationHistory,8,Reason,Reason,NVARCHAR,NVARCHAR(255),255,,,YES,,NO,,,NO,,NO,,NO,,,,,NO,,,LIVE_DB_SNAPSHOT_2026-08-02,
dbo,CustomerReputationHistory,9,CreatedAt,Thời điểm tạo,DATETIME2,DATETIME2,,,,NO,(getdate()),NO,,,NO,,NO,,NO,,,,,NO,,,LIVE_DB_SNAPSHOT_2026-08-02,
dbo,CustomerReputationHistory,10,CreatedBy,Người tạo,INT,INT,,10,0,YES,,NO,,,NO,,NO,,YES,FK_ReputationHistory_Actor,dbo,Accounts,AccountID,NO,,,LIVE_DB_SNAPSHOT_2026-08-02,
dbo,CustomerReputationHistory,11,IpAddress,IpAddress,NVARCHAR,NVARCHAR(50),50,,,YES,,NO,,,NO,,NO,,NO,,,,,NO,,,LIVE_DB_SNAPSHOT_2026-08-02,
dbo,DanhGia,1,DanhGiaID,mã DanhGia,INT,INT,,10,0,NO,,YES,1,1,NO,,YES,1,NO,,,,,YES,,,LIVE_DB_SNAPSHOT_2026-08-02,
dbo,DanhGia,2,DatSanID,Mã đặt sân,INT,INT,,10,0,YES,,NO,,,NO,,NO,,YES,FK_DanhGia_DatSan,dbo,LichDatSan,DatSanID,NO,,,LIVE_DB_SNAPSHOT_2026-08-02,
dbo,DanhGia,3,AccountID_NguoiDanhGia,AccountID_NguoiDanhGia,INT,INT,,10,0,YES,,NO,,,NO,,NO,,YES,FK_DanhGia_NguoiDanhGia,dbo,Accounts,AccountID,NO,,,LIVE_DB_SNAPSHOT_2026-08-02,
dbo,DanhGia,4,AccountID_NguoiBiDanhGia,AccountID_NguoiBiDanhGia,INT,INT,,10,0,YES,,NO,,,NO,,NO,,YES,FK_DanhGia_NguoiBiDanhGia,dbo,Accounts,AccountID,NO,,,LIVE_DB_SNAPSHOT_2026-08-02,
dbo,DanhGia,5,SoSao,Số sao,INT,INT,,10,0,YES,,NO,,,NO,,NO,,NO,,,,,NO,(SoSao BETWEEN 1 AND 5),,LIVE_DB_SNAPSHOT_2026-08-02,
dbo,DanhGia,6,BinhLuan,BinhLuan,NVARCHAR,NVARCHAR(MAX),MAX,,,YES,,NO,,,NO,,NO,,NO,,,,,NO,,,LIVE_DB_SNAPSHOT_2026-08-02,
dbo,DanhGia,7,NgayDanhGia,ngày DanhGia,DATETIME,DATETIME,,,,YES,(getdate()),NO,,,NO,,NO,,NO,,,,,NO,,,LIVE_DB_SNAPSHOT_2026-08-02,
dbo,DanhMucSanPham,1,DanhMucID,Mã danh mục,INT,INT,,10,0,NO,,YES,1,1,NO,,YES,1,NO,,,,,YES,,,LIVE_DB_SNAPSHOT_2026-08-02,
dbo,DanhMucSanPham,2,TenDanhMuc,tên DanhMuc,NVARCHAR,NVARCHAR(100),100,,,NO,,NO,,,NO,,NO,,NO,,,,,NO,,,LIVE_DB_SNAPSHOT_2026-08-02,
dbo,FaceChallengeToken,1,TokenID,Mã token,VARCHAR,VARCHAR(64),64,,,YES,,NO,,,NO,,YES,1,NO,,,,,YES,,,MIGRATION_SQL,Từ src/main/resources/migration_face_attendance.sql
dbo,FaceChallengeToken,2,AccountID,Mã tài khoản,INT,INT,,10,0,NO,,NO,,,NO,,NO,,YES,FK_FaceToken_Accounts,dbo,Accounts,AccountID,NO,,,MIGRATION_SQL,Từ src/main/resources/migration_face_attendance.sql
dbo,FaceChallengeToken,3,CaLamViecID,Mã ca làm việc,INT,INT,,10,0,NO,,NO,,,NO,,NO,,NO,,,,,NO,,,MIGRATION_SQL,Từ src/main/resources/migration_face_attendance.sql
dbo,FaceChallengeToken,4,Action,Hành động (checkin/checkout),VARCHAR,VARCHAR(10),10,,,NO,'checkin',NO,,,NO,,NO,,NO,,,,,NO,,,MIGRATION_SQL,Từ src/main/resources/migration_face_attendance.sql
dbo,FaceChallengeToken,5,Challenges,Danh sách thử thách (JSON),NVARCHAR,NVARCHAR(200),200,,,NO,,NO,,,NO,,NO,,NO,,,,,NO,,,MIGRATION_SQL,Từ src/main/resources/migration_face_attendance.sql
dbo,FaceChallengeToken,6,CreatedAt,Thời điểm tạo,DATETIME,DATETIME,,,,NO,GETDATE(),NO,,,NO,,NO,,NO,,,,,NO,,,MIGRATION_SQL,Từ src/main/resources/migration_face_attendance.sql
dbo,FaceChallengeToken,7,ExpiresAt,Thời điểm hết hạn,DATETIME,DATETIME,,,,NO,,NO,,,NO,,NO,,NO,,,,,NO,,,MIGRATION_SQL,Từ src/main/resources/migration_face_attendance.sql
dbo,FaceChallengeToken,8,UsedAt,Thời điểm đã dùng,DATETIME,DATETIME,,,,YES,,NO,,,NO,,NO,,NO,,,,,NO,,,MIGRATION_SQL,Từ src/main/resources/migration_face_attendance.sql
dbo,GhepKeo,1,KeoID,Mã kèo,INT,INT,,10,0,NO,,YES,1,1,NO,,YES,1,NO,,,,,YES,,,LIVE_DB_SNAPSHOT_2026-08-02,
dbo,GhepKeo,2,DatSanID,Mã đặt sân,INT,INT,,10,0,YES,,NO,,,NO,,NO,,YES,FK_GhepKeo_DatSan,dbo,LichDatSan,DatSanID,NO,,,LIVE_DB_SNAPSHOT_2026-08-02,
dbo,GhepKeo,3,AccountID_NguoiTao,AccountID_NguoiTao,INT,INT,,10,0,YES,,NO,,,NO,,NO,,YES,FK_GhepKeo_Account,dbo,Accounts,AccountID,NO,,,LIVE_DB_SNAPSHOT_2026-08-02,
dbo,GhepKeo,4,MonTheThaoID,Mã môn thể thao,INT,INT,,10,0,YES,,NO,,,NO,,NO,,YES,FK_GhepKeo_Mon,dbo,MonTheThao,MonTheThaoID,NO,,,LIVE_DB_SNAPSHOT_2026-08-02,
dbo,GhepKeo,5,MoTa,Mô tả,NVARCHAR,NVARCHAR(MAX),MAX,,,YES,,NO,,,NO,,NO,,NO,,,,,NO,,,LIVE_DB_SNAPSHOT_2026-08-02,
dbo,GhepKeo,6,TrinhDo,TrinhDo,NVARCHAR,NVARCHAR(50),50,,,YES,,NO,,,NO,,NO,,NO,,,,,NO,,,LIVE_DB_SNAPSHOT_2026-08-02,
dbo,GhepKeo,7,TrangThai,Trạng thái,NVARCHAR,NVARCHAR(50),50,,,YES,(N'Đang tìm'),NO,,,NO,,NO,,NO,,,,,NO,,,LIVE_DB_SNAPSHOT_2026-08-02,
dbo,GhepKeo,8,SoNguoiCanTim,SoNguoiCanTim,INT,INT,,10,0,YES,,NO,,,NO,,NO,,NO,,,,,NO,,,MIGRATION_SQL_NOT_IN_SNAPSHOT,Có trong migration sql/migration_matchmaking_complete_flow.sql nhưng KHÔNG có trong snapshot DB 2026-08-02
dbo,GhepKeo,9,HinhThucDuyet,HinhThucDuyet,NVARCHAR,NVARCHAR(20),20,,,YES,,NO,,,NO,,NO,,NO,,,,,NO,,,MIGRATION_SQL_NOT_IN_SNAPSHOT,Có trong migration sql/migration_matchmaking_complete_flow.sql nhưng KHÔNG có trong snapshot DB 2026-08-02
dbo,GhepKeo,10,CreatedAt,Thời điểm tạo,DATETIME2,DATETIME2,,,,NO,SYSDATETIME(),NO,,,NO,,NO,,NO,,,,,NO,,,MIGRATION_SQL_NOT_IN_SNAPSHOT,Có trong migration sql/migration_matchmaking_complete_flow.sql nhưng KHÔNG có trong snapshot DB 2026-08-02
dbo,GhepKeo,11,TeamIDNguoiTao,TeamIDNguoiTao,INT,INT,,10,0,YES,,NO,,,NO,,NO,,YES,FK_GhepKeo_TeamNguoiTao,dbo,Teams,TeamID,NO,,,MIGRATION_SQL_NOT_IN_SNAPSHOT,Có trong migration sql/migration_team_management.sql nhưng KHÔNG có trong snapshot DB 2026-08-02
dbo,HoaDon,1,HoaDonID,Mã hóa đơn,INT,INT,,10,0,NO,,YES,1,1,NO,,YES,1,NO,,,,,YES,,,LIVE_DB_SNAPSHOT_2026-08-02,
dbo,HoaDon,2,DatSanID,Mã đặt sân,INT,INT,,10,0,YES,,NO,,,NO,,NO,,YES,FK_HD_DatSan,dbo,LichDatSan,DatSanID,YES,,,LIVE_DB_SNAPSHOT_2026-08-02,
dbo,HoaDon,3,AccountID_KhachHang,AccountID_KhachHang,INT,INT,,10,0,YES,,NO,,,NO,,NO,,YES,FK_HD_Khach,dbo,Accounts,AccountID,NO,,,LIVE_DB_SNAPSHOT_2026-08-02,
dbo,HoaDon,4,AccountID_NhanVien,AccountID_NhanVien,INT,INT,,10,0,YES,,NO,,,NO,,NO,,YES,FK_HD_NhanVien,dbo,Accounts,AccountID,NO,,,LIVE_DB_SNAPSHOT_2026-08-02,
dbo,HoaDon,5,NgayLap,ngày Lap,DATETIME,DATETIME,,,,YES,(getdate()),NO,,,NO,,NO,,NO,,,,,NO,,,LIVE_DB_SNAPSHOT_2026-08-02,
dbo,HoaDon,6,TongTienSan,tổng tiền San,DECIMAL,"DECIMAL(18,2)",,18,2,YES,((0)),NO,,,NO,,NO,,NO,,,,,NO,,,LIVE_DB_SNAPSHOT_2026-08-02,
dbo,HoaDon,7,TongTienDichVu,tổng tiền DichVu,DECIMAL,"DECIMAL(18,2)",,18,2,YES,((0)),NO,,,NO,,NO,,NO,,,,,NO,,,LIVE_DB_SNAPSHOT_2026-08-02,
dbo,HoaDon,8,PhiGuiXe,PhiGuiXe,DECIMAL,"DECIMAL(18,2)",,18,2,YES,((0)),NO,,,NO,,NO,,NO,,,,,NO,,,LIVE_DB_SNAPSHOT_2026-08-02,
dbo,HoaDon,9,KhuyenMaiID,Mã khuyến mãi,INT,INT,,10,0,YES,,NO,,,NO,,NO,,YES,FK_HD_KhuyenMai,dbo,KhuyenMai,KhuyenMaiID,NO,,,LIVE_DB_SNAPSHOT_2026-08-02,
dbo,HoaDon,10,GiamGia,GiamGia,DECIMAL,"DECIMAL(18,2)",,18,2,YES,((0)),NO,,,NO,,NO,,NO,,,,,NO,,,LIVE_DB_SNAPSHOT_2026-08-02,
dbo,HoaDon,11,TongThanhToan,TongThanhToan,FLOAT,FLOAT,,53,,YES,,NO,,,NO,,NO,,NO,,,,,NO,,,LIVE_DB_SNAPSHOT_2026-08-02,
dbo,HoaDon,12,PhuongThucThanhToan,PhuongThucThanhToan,NVARCHAR,NVARCHAR(50),50,,,YES,,NO,,,NO,,NO,,NO,,,,,NO,,,LIVE_DB_SNAPSHOT_2026-08-02,
dbo,HoaDon,13,TrangThaiThanhToan,trạng thái ThanhToan,NVARCHAR,NVARCHAR(50),50,,,YES,,NO,,,NO,,NO,,NO,,,,,NO,,,LIVE_DB_SNAPSHOT_2026-08-02,
dbo,HoaDon,14,IsDeleted,Đã xóa mềm,BIT,BIT,,,,YES,((0)),NO,,,NO,,NO,,NO,,,,,NO,,,LIVE_DB_SNAPSHOT_2026-08-02,
dbo,HoaDon,15,GhiChu,Ghi chú,NVARCHAR,NVARCHAR(500),500,,,YES,,NO,,,NO,,NO,,NO,,,,,NO,,,LIVE_DB_SNAPSHOT_2026-08-02,
dbo,HoaDon,16,LoaiHoaDon,loại HoaDon,NVARCHAR,NVARCHAR(50),50,,,YES,(N'MAIN'),NO,,,NO,,NO,,NO,,,,,NO,,,LIVE_DB_SNAPSHOT_2026-08-02,
dbo,HoaDon,17,ParentHoaDonID,Mã hóa đơn cha,INT,INT,,10,0,YES,,NO,,,NO,,NO,,YES,FK_HoaDon_Parent,dbo,HoaDon,HoaDonID,NO,,,LIVE_DB_SNAPSHOT_2026-08-02,
dbo,HoaDon,18,PaymentReference,PaymentReference,NVARCHAR,NVARCHAR(50),50,,,YES,,NO,,,NO,,NO,,NO,,,,,NO,,,LIVE_DB_SNAPSHOT_2026-08-02,
dbo,HoanTien,1,HoanTienID,mã HoanTien,INT,INT,,10,0,NO,,YES,1,1,NO,,YES,1,NO,,,,,YES,,,LIVE_DB_SNAPSHOT_2026-08-02,
dbo,HoanTien,2,HoaDonID,Mã hóa đơn,INT,INT,,10,0,NO,,NO,,,NO,,NO,,YES,FK_HoanTien_HoaDon,dbo,HoaDon,HoaDonID,NO,,,LIVE_DB_SNAPSHOT_2026-08-02,
dbo,HoanTien,3,AccountID,Mã tài khoản,INT,INT,,10,0,NO,,NO,,,NO,,NO,,YES,FK_HoanTien_Account,dbo,Accounts,AccountID,NO,,,LIVE_DB_SNAPSHOT_2026-08-02,
dbo,HoanTien,4,SoTienHoan,số tiền Hoan,NUMERIC,"NUMERIC(38,2)",,38,2,YES,,NO,,,NO,,NO,,NO,,,,,NO,,,LIVE_DB_SNAPSHOT_2026-08-02,
dbo,HoanTien,5,LyDo,Lý do,NVARCHAR,NVARCHAR(255),255,,,YES,,NO,,,NO,,NO,,NO,,,,,NO,,,LIVE_DB_SNAPSHOT_2026-08-02,
dbo,HoanTien,6,TrangThai,Trạng thái,NVARCHAR,NVARCHAR(50),50,,,YES,(N'Chờ xử lý'),NO,,,NO,,NO,,NO,,,,,NO,,,LIVE_DB_SNAPSHOT_2026-08-02,
dbo,HoanTien,7,ThoiGianYeuCau,thời gian YeuCau,DATETIME,DATETIME,,,,YES,(getdate()),NO,,,NO,,NO,,NO,,,,,NO,,,LIVE_DB_SNAPSHOT_2026-08-02,
dbo,HoanTien,8,ThoiGianHoan,thời gian Hoan,DATETIME,DATETIME,,,,YES,,NO,,,NO,,NO,,NO,,,,,NO,,,LIVE_DB_SNAPSHOT_2026-08-02,
dbo,HoanTien,9,DatSanID,Mã đặt sân,INT,INT,,10,0,YES,,NO,,,NO,,NO,,NO,,,,,NO,,,LIVE_DB_SNAPSHOT_2026-08-02,
dbo,HoanTien,10,NguoiDuyetID,người duyệt ID,INT,INT,,10,0,YES,,NO,,,NO,,NO,,NO,,,,,NO,,,LIVE_DB_SNAPSHOT_2026-08-02,
dbo,HoanTien,11,GhiChu,Ghi chú,NVARCHAR,NVARCHAR(255),255,,,YES,,NO,,,NO,,NO,,NO,,,,,NO,,,LIVE_DB_SNAPSHOT_2026-08-02,
dbo,HoanTien,12,SoTienDaThanhToan,số tiền DaThanhToan,DECIMAL,"DECIMAL(18,2)",,18,2,YES,,NO,,,NO,,NO,,NO,,,,,NO,,,LIVE_DB_SNAPSHOT_2026-08-02,
dbo,HoanTien,13,SoTienDeNghiHoan,số tiền DeNghiHoan,DECIMAL,"DECIMAL(18,2)",,18,2,YES,,NO,,,NO,,NO,,NO,,,,,NO,,,LIVE_DB_SNAPSHOT_2026-08-02,
dbo,HoanTien,14,SoTienDuocDuyet,số tiền DuocDuyet,DECIMAL,"DECIMAL(18,2)",,18,2,YES,,NO,,,NO,,NO,,NO,,,,,NO,,,LIVE_DB_SNAPSHOT_2026-08-02,
dbo,HoanTien,15,CoSoID,Mã cơ sở,INT,INT,,10,0,YES,,NO,,,NO,,NO,,NO,,,,,NO,,,LIVE_DB_SNAPSHOT_2026-08-02,
dbo,HoanTien,16,QrNhanTienPath,QrNhanTienPath,NVARCHAR,NVARCHAR(500),500,,,YES,,NO,,,NO,,NO,,NO,,,,,NO,,,LIVE_DB_SNAPSHOT_2026-08-02,
dbo,HoanTien,17,GhiChuKhachHang,ghi chú KhachHang,NVARCHAR,NVARCHAR(500),500,,,YES,,NO,,,NO,,NO,,NO,,,,,NO,,,LIVE_DB_SNAPSHOT_2026-08-02,
dbo,HoanTien,18,LyDoTuChoi,LyDoTuChoi,NVARCHAR,NVARCHAR(500),500,,,YES,,NO,,,NO,,NO,,NO,,,,,NO,,,LIVE_DB_SNAPSHOT_2026-08-02,
dbo,HoanTien,19,ApprovedAt,ApprovedAt,DATETIME2,DATETIME2,,,,YES,,NO,,,NO,,NO,,NO,,,,,NO,,,LIVE_DB_SNAPSHOT_2026-08-02,
dbo,HoanTien,20,CompletedAt,CompletedAt,DATETIME2,DATETIME2,,,,YES,,NO,,,NO,,NO,,NO,,,,,NO,,,LIVE_DB_SNAPSHOT_2026-08-02,
dbo,HoanTien,21,UpdatedAt,Thời điểm cập nhật,DATETIME2,DATETIME2,,,,NO,(sysdatetime()),NO,,,NO,,NO,,NO,,,,,NO,,,LIVE_DB_SNAPSHOT_2026-08-02,
dbo,HoanTien,22,AccountID_NguoiXuLy,AccountID_NguoiXuLy,INT,INT,,10,0,YES,,NO,,,NO,,NO,,NO,,,,,NO,,,LIVE_DB_SNAPSHOT_2026-08-02,
dbo,HoanTien,23,GhiChuXuLy,Ghi chú xử lý,NVARCHAR,NVARCHAR(500),500,,,YES,,NO,,,NO,,NO,,NO,,,,,NO,,,LIVE_DB_SNAPSHOT_2026-08-02,
dbo,HoanTien,24,MaGiaoDichHoan,mã GiaoDichHoan,NVARCHAR,NVARCHAR(100),100,,,YES,,NO,,,NO,,NO,,NO,,,,,NO,,,LIVE_DB_SNAPSHOT_2026-08-02,
dbo,HoanTien,25,ThoiGianXuLy,Thời gian xử lý,DATETIME,DATETIME,,,,YES,,NO,,,NO,,NO,,NO,,,,,NO,,,LIVE_DB_SNAPSHOT_2026-08-02,
dbo,HoanTien,26,NganHangNhan,NganHangNhan,NVARCHAR,NVARCHAR(100),100,,,YES,,NO,,,NO,,NO,,NO,,,,,NO,,,LIVE_DB_SNAPSHOT_2026-08-02,
dbo,HoanTien,27,SoTaiKhoanNhan,SoTaiKhoanNhan,NVARCHAR,NVARCHAR(30),30,,,YES,,NO,,,NO,,NO,,NO,,,,,NO,,,LIVE_DB_SNAPSHOT_2026-08-02,
dbo,HoanTien,28,ChuTaiKhoanNhan,ChuTaiKhoanNhan,NVARCHAR,NVARCHAR(100),100,,,YES,,NO,,,NO,,NO,,NO,,,,,NO,,,LIVE_DB_SNAPSHOT_2026-08-02,
dbo,KhuyenMai,1,KhuyenMaiID,Mã khuyến mãi,INT,INT,,10,0,NO,,YES,1,1,NO,,YES,1,NO,,,,,YES,,,LIVE_DB_SNAPSHOT_2026-08-02,
dbo,KhuyenMai,2,MaCode,Mã code khuyến mãi,VARCHAR,VARCHAR(50),50,,,NO,,NO,,,NO,,NO,,NO,,,,,YES,,,LIVE_DB_SNAPSHOT_2026-08-02,
dbo,KhuyenMai,3,MoTa,Mô tả,NVARCHAR,NVARCHAR(255),255,,,YES,,NO,,,NO,,NO,,NO,,,,,NO,,,LIVE_DB_SNAPSHOT_2026-08-02,
dbo,KhuyenMai,4,LoaiGiam,loại Giam,NVARCHAR,NVARCHAR(20),20,,,NO,,NO,,,NO,,NO,,NO,,,,,NO,,,LIVE_DB_SNAPSHOT_2026-08-02,
dbo,KhuyenMai,5,GiaTriGiam,GiaTriGiam,FLOAT,FLOAT,,53,,YES,,NO,,,NO,,NO,,NO,,,,,NO,,,LIVE_DB_SNAPSHOT_2026-08-02,
dbo,KhuyenMai,6,NgayBatDau,Ngày bắt đầu,DATE,DATE,,,,NO,,NO,,,NO,,NO,,NO,,,,,NO,,,LIVE_DB_SNAPSHOT_2026-08-02,
dbo,KhuyenMai,7,NgayKetThuc,Ngày kết thúc,DATE,DATE,,,,NO,,NO,,,NO,,NO,,NO,,,,,NO,,,LIVE_DB_SNAPSHOT_2026-08-02,
dbo,KhuyenMai,8,SoLanToiDa,SoLanToiDa,INT,INT,,10,0,YES,,NO,,,NO,,NO,,NO,,,,,NO,,,LIVE_DB_SNAPSHOT_2026-08-02,
dbo,KhuyenMai,9,SoLanDaDung,SoLanDaDung,INT,INT,,10,0,YES,((0)),NO,,,NO,,NO,,NO,,,,,NO,,,LIVE_DB_SNAPSHOT_2026-08-02,
dbo,KhuyenMai,10,CoSoID,Mã cơ sở,INT,INT,,10,0,YES,,NO,,,NO,,NO,,YES,FK_KM_CoSo,dbo,CoSo,CoSoID,NO,,,LIVE_DB_SNAPSHOT_2026-08-02,
dbo,KhuyenMai,11,TrangThai,Trạng thái,NVARCHAR,NVARCHAR(20),20,,,YES,(N'Hoạt động'),NO,,,NO,,NO,,NO,,,,,NO,,,LIVE_DB_SNAPSHOT_2026-08-02,
dbo,KhuyenMai,12,IsDeleted,Đã xóa mềm,BIT,BIT,,,,YES,((0)),NO,,,NO,,NO,,NO,,,,,NO,,,LIVE_DB_SNAPSHOT_2026-08-02,
dbo,KhuyenMai,13,GiaTriToiThieu,GiaTriToiThieu,DECIMAL,"DECIMAL(18,2)",,18,2,YES,((0)),NO,,,NO,,NO,,NO,,,,,NO,,,LIVE_DB_SNAPSHOT_2026-08-02,
dbo,KhuyenMai,14,GiamToiDa,GiamToiDa,DECIMAL,"DECIMAL(18,2)",,18,2,YES,((0)),NO,,,NO,,NO,,NO,,,,,NO,,,LIVE_DB_SNAPSHOT_2026-08-02,
dbo,KhuyenMai,15,HienThiCongKhai,HienThiCongKhai,BIT,BIT,,,,NO,((1)),NO,,,NO,,NO,,NO,,,,,NO,,,LIVE_DB_SNAPSHOT_2026-08-02,
dbo,KhuyenMaiHinhAnh,1,HinhAnhID,hình ảnh ID,INT,INT,,10,0,NO,,YES,1,1,NO,,YES,1,NO,,,,,YES,,,LIVE_DB_SNAPSHOT_2026-08-02,
dbo,KhuyenMaiHinhAnh,2,KhuyenMaiID,Mã khuyến mãi,INT,INT,,10,0,NO,,NO,,,NO,,NO,,YES,FK_KhuyenMaiHinhAnh_KhuyenMai,dbo,KhuyenMai,KhuyenMaiID,YES,,,LIVE_DB_SNAPSHOT_2026-08-02,
dbo,KhuyenMaiHinhAnh,3,DuongDan,DuongDan,NVARCHAR,NVARCHAR(500),500,,,NO,,NO,,,NO,,NO,,NO,,,,,NO,,,LIVE_DB_SNAPSHOT_2026-08-02,
dbo,KhuyenMaiHinhAnh,4,TenFileGoc,tên FileGoc,NVARCHAR,NVARCHAR(255),255,,,YES,,NO,,,NO,,NO,,NO,,,,,NO,,,LIVE_DB_SNAPSHOT_2026-08-02,
dbo,KhuyenMaiHinhAnh,5,MimeType,MimeType,NVARCHAR,NVARCHAR(100),100,,,YES,,NO,,,NO,,NO,,NO,,,,,NO,,,LIVE_DB_SNAPSHOT_2026-08-02,
dbo,KhuyenMaiHinhAnh,6,DungLuong,DungLuong,BIGINT,BIGINT,,19,0,YES,,NO,,,NO,,NO,,NO,,,,,NO,,,LIVE_DB_SNAPSHOT_2026-08-02,
dbo,KhuyenMaiHinhAnh,7,ChieuRong,ChieuRong,INT,INT,,10,0,YES,,NO,,,NO,,NO,,NO,,,,,NO,,,LIVE_DB_SNAPSHOT_2026-08-02,
dbo,KhuyenMaiHinhAnh,8,ChieuCao,ChieuCao,INT,INT,,10,0,YES,,NO,,,NO,,NO,,NO,,,,,NO,,,LIVE_DB_SNAPSHOT_2026-08-02,
dbo,KhuyenMaiHinhAnh,9,ThuTu,ThuTu,INT,INT,,10,0,NO,((0)),NO,,,NO,,NO,,NO,,,,,NO,,,LIVE_DB_SNAPSHOT_2026-08-02,
dbo,KhuyenMaiHinhAnh,10,LaAnhBia,LaAnhBia,BIT,BIT,,,,NO,((0)),NO,,,NO,,NO,,NO,,,,,NO,,,LIVE_DB_SNAPSHOT_2026-08-02,
dbo,KhuyenMaiHinhAnh,11,CreatedAt,Thời điểm tạo,DATETIME2,DATETIME2,,,,NO,(sysdatetime()),NO,,,NO,,NO,,NO,,,,,NO,,,LIVE_DB_SNAPSHOT_2026-08-02,
dbo,KhuyenMaiHinhAnh,12,UpdatedAt,Thời điểm cập nhật,DATETIME2,DATETIME2,,,,YES,,NO,,,NO,,NO,,NO,,,,,NO,,,LIVE_DB_SNAPSHOT_2026-08-02,
dbo,KyLuong,1,KyLuongID,Mã kỳ lương,INT,INT,,10,0,YES,,YES,1,1,NO,,YES,1,NO,,,,,YES,,,MIGRATION_SQL,Từ sql/migration_salary.sql
dbo,KyLuong,2,CoSoID,Mã cơ sở,INT,INT,,10,0,NO,,NO,,,NO,,NO,,YES,FK_KyLuong_CoSoID,dbo,CoSo,CoSoID,NO,,,MIGRATION_SQL,Từ sql/migration_salary.sql
dbo,KyLuong,3,TenKy,Tên kỳ lương,NVARCHAR,NVARCHAR(100),100,,,NO,,NO,,,NO,,NO,,NO,,,,,NO,,,MIGRATION_SQL,Từ sql/migration_salary.sql
dbo,KyLuong,4,NgayBatDau,Ngày bắt đầu,DATE,DATE,,,,NO,,NO,,,NO,,NO,,NO,,,,,NO,,,MIGRATION_SQL,Từ sql/migration_salary.sql
dbo,KyLuong,5,NgayKetThuc,Ngày kết thúc,DATE,DATE,,,,NO,,NO,,,NO,,NO,,NO,,,,,NO,,,MIGRATION_SQL,Từ sql/migration_salary.sql
dbo,KyLuong,6,NgayPhatLuong,Ngày phát lương,DATE,DATE,,,,NO,,NO,,,NO,,NO,,NO,,,,,NO,,,MIGRATION_SQL,Từ sql/migration_salary.sql
dbo,KyLuong,7,TrangThai,Trạng thái,VARCHAR,VARCHAR(20),20,,,NO,'Draft',NO,,,NO,,NO,,NO,,,,,NO,,,MIGRATION_SQL,Từ sql/migration_salary.sql
dbo,KyLuong,8,CreatedBy,Người tạo,INT,INT,,10,0,NO,,NO,,,NO,,NO,,YES,FK_KyLuong_CreatedBy,dbo,Accounts,AccountID,NO,,,MIGRATION_SQL,Từ sql/migration_salary.sql
dbo,KyLuong,9,CreatedAt,Thời điểm tạo,DATETIME,DATETIME,,,,NO,GETDATE(),NO,,,NO,,NO,,NO,,,,,NO,,,MIGRATION_SQL,Từ sql/migration_salary.sql
dbo,LichDatSan,1,DatSanID,Mã đặt sân,INT,INT,,10,0,NO,,YES,1,1,NO,,YES,1,NO,,,,,YES,,,LIVE_DB_SNAPSHOT_2026-08-02,
dbo,LichDatSan,2,AccountID,Mã tài khoản,INT,INT,,10,0,YES,,NO,,,NO,,NO,,YES,FK_DatSan_Account,dbo,Accounts,AccountID,NO,,,LIVE_DB_SNAPSHOT_2026-08-02,
dbo,LichDatSan,3,SanID,Mã sân,INT,INT,,10,0,YES,,NO,,,NO,,NO,,YES,FK_DatSan_San,dbo,San,SanID,NO,,,LIVE_DB_SNAPSHOT_2026-08-02,
dbo,LichDatSan,4,NgayDat,ngày Dat,DATE,DATE,,,,NO,,NO,,,NO,,NO,,NO,,,,,NO,,,LIVE_DB_SNAPSHOT_2026-08-02,
dbo,LichDatSan,5,GioBatDau,Giờ bắt đầu,TIME,TIME,,,,NO,,NO,,,NO,,NO,,NO,,,,,NO,,,LIVE_DB_SNAPSHOT_2026-08-02,
dbo,LichDatSan,6,GioKetThuc,Giờ kết thúc,TIME,TIME,,,,NO,,NO,,,NO,,NO,,NO,,,,,NO,,,LIVE_DB_SNAPSHOT_2026-08-02,
dbo,LichDatSan,7,ApDungGiaCoDen,ApDungGiaCoDen,BIT,BIT,,,,YES,((0)),NO,,,NO,,NO,,NO,,,,,NO,,,LIVE_DB_SNAPSHOT_2026-08-02,
dbo,LichDatSan,8,TongTienDuKien,tổng tiền DuKien,NUMERIC,"NUMERIC(38,2)",,38,2,YES,,NO,,,NO,,NO,,NO,,,,,NO,,,LIVE_DB_SNAPSHOT_2026-08-02,
dbo,LichDatSan,9,TrangThai,Trạng thái,NVARCHAR,NVARCHAR(50),50,,,YES,(N'Chờ xác nhận'),NO,,,NO,,NO,,NO,,,,,NO,,,LIVE_DB_SNAPSHOT_2026-08-02,
dbo,LichDatSan,10,GhiChu,Ghi chú,NVARCHAR,NVARCHAR(255),255,,,YES,,NO,,,NO,,NO,,NO,,,,,NO,,,LIVE_DB_SNAPSHOT_2026-08-02,
dbo,LichDatSan,11,NguonDatSan,NguonDatSan,NVARCHAR,NVARCHAR(50),50,,,YES,,NO,,,NO,,NO,,NO,,,,,NO,,,LIVE_DB_SNAPSHOT_2026-08-02,
dbo,LichDatSan,12,IsDeleted,Đã xóa mềm,BIT,BIT,,,,YES,((0)),NO,,,NO,,NO,,NO,,,,,NO,,,LIVE_DB_SNAPSHOT_2026-08-02,
dbo,LichDatSan,13,CreatedTime,Thời điểm tạo,DATETIME,DATETIME,,,,YES,(getdate()),NO,,,NO,,NO,,NO,,,,,NO,,,LIVE_DB_SNAPSHOT_2026-08-02,
dbo,LichDatSan,14,DeletedAt,Thời điểm xóa,DATETIME,DATETIME,,,,YES,,NO,,,NO,,NO,,NO,,,,,NO,,,LIVE_DB_SNAPSHOT_2026-08-02,
dbo,LichDatSan,15,DeletedBy,Người xóa,INT,INT,,10,0,YES,,NO,,,NO,,NO,,NO,,,,,NO,,,LIVE_DB_SNAPSHOT_2026-08-02,
dbo,LichDatSan,16,actual_start_time,actual_start_time,TIME,TIME,,,,YES,,NO,,,NO,,NO,,NO,,,,,NO,,,LIVE_DB_SNAPSHOT_2026-08-02,
dbo,LichDatSan,17,TimeMode,TimeMode,NVARCHAR,NVARCHAR(30),30,,,YES,,NO,,,NO,,NO,,NO,,,,,NO,,,LIVE_DB_SNAPSHOT_2026-08-02,
dbo,LichDatSan,18,ReservedDurationMinutes,ReservedDurationMinutes,INT,INT,,10,0,YES,,NO,,,NO,,NO,,NO,,,,,NO,,,LIVE_DB_SNAPSHOT_2026-08-02,
dbo,LichDatSan,19,actual_end_time,actual_end_time,TIME,TIME,,,,YES,,NO,,,NO,,NO,,NO,,,,,NO,,,LIVE_DB_SNAPSHOT_2026-08-02,
dbo,LichDatSan,20,EarlyCheckoutReason,EarlyCheckoutReason,NVARCHAR,NVARCHAR(255),255,,,YES,,NO,,,NO,,NO,,NO,,,,,NO,,,LIVE_DB_SNAPSHOT_2026-08-02,
dbo,LichDatSan,21,EarlyCheckoutDiscount,EarlyCheckoutDiscount,DECIMAL,"DECIMAL(18,2)",,18,2,YES,,NO,,,NO,,NO,,NO,,,,,NO,,,LIVE_DB_SNAPSHOT_2026-08-02,
dbo,LichDatSan,22,HoldExpiresAt,HoldExpiresAt,DATETIME2,DATETIME2,,,,YES,,NO,,,NO,,NO,,NO,,,,,NO,,,LIVE_DB_SNAPSHOT_2026-08-02,
dbo,LichDatSan,23,DepositAmount,DepositAmount,DECIMAL,"DECIMAL(18,2)",,18,2,YES,,NO,,,NO,,NO,,NO,,,,,NO,,,LIVE_DB_SNAPSHOT_2026-08-02,
dbo,LichDatSan,24,PaymentMethodConfirmed,PaymentMethodConfirmed,NVARCHAR,NVARCHAR(50),50,,,YES,,NO,,,NO,,NO,,NO,,,,,NO,,,LIVE_DB_SNAPSHOT_2026-08-02,
dbo,LichDatSan,25,TransactionCode,TransactionCode,NVARCHAR,NVARCHAR(100),100,,,YES,,NO,,,NO,,NO,,NO,,,,,NO,,,LIVE_DB_SNAPSHOT_2026-08-02,
dbo,LichDatSan,26,ConfirmedAt,ConfirmedAt,DATETIME2,DATETIME2,,,,YES,,NO,,,NO,,NO,,NO,,,,,NO,,,LIVE_DB_SNAPSHOT_2026-08-02,
dbo,LichDatSan,27,ConfirmedBy,ConfirmedBy,INT,INT,,10,0,YES,,NO,,,NO,,NO,,YES,FK_LichDatSan_ConfirmedBy,dbo,Accounts,AccountID,NO,,,LIVE_DB_SNAPSHOT_2026-08-02,
dbo,LichDatSan,28,ConfirmSource,ConfirmSource,NVARCHAR,NVARCHAR(20),20,,,YES,,NO,,,NO,,NO,,NO,,,,,NO,,,LIVE_DB_SNAPSHOT_2026-08-02,
dbo,LichDatSan,29,NoShowAt,NoShowAt,DATETIME2,DATETIME2,,,,YES,,NO,,,NO,,NO,,NO,,,,,NO,,,LIVE_DB_SNAPSHOT_2026-08-02,
dbo,LichDatSan,30,ActualStartAt,ActualStartAt,DATETIME2,DATETIME2,,,,YES,,NO,,,NO,,NO,,NO,,,,,NO,,,LIVE_DB_SNAPSHOT_2026-08-02,
dbo,LichDatSan,31,ActualEndAt,ActualEndAt,DATETIME2,DATETIME2,,,,YES,,NO,,,NO,,NO,,NO,,,,,NO,,,LIVE_DB_SNAPSHOT_2026-08-02,
dbo,LichDatSan,32,PricingFinalizedAt,PricingFinalizedAt,DATETIME2,DATETIME2,,,,YES,,NO,,,NO,,NO,,NO,,,,,NO,,,LIVE_DB_SNAPSHOT_2026-08-02,
dbo,LichDatSan,33,CancelType,CancelType,NVARCHAR,NVARCHAR(20),20,,,YES,,NO,,,NO,,NO,,NO,,,,,NO,,,LIVE_DB_SNAPSHOT_2026-08-02,
dbo,LichDatSan,34,CancelReason,CancelReason,NVARCHAR,NVARCHAR(255),255,,,YES,,NO,,,NO,,NO,,NO,,,,,NO,,,LIVE_DB_SNAPSHOT_2026-08-02,
dbo,LichDatSan,35,CancelledAt,CancelledAt,DATETIME2,DATETIME2,,,,YES,,NO,,,NO,,NO,,NO,,,,,NO,,,LIVE_DB_SNAPSHOT_2026-08-02,
dbo,LichDatSan,36,CancelledBy,CancelledBy,INT,INT,,10,0,YES,,NO,,,NO,,NO,,YES,FK_LichDatSan_CancelledBy,dbo,Accounts,AccountID,NO,,,LIVE_DB_SNAPSHOT_2026-08-02,
dbo,LichDatSan,37,RequiresRefundReview,RequiresRefundReview,BIT,BIT,,,,NO,((0)),NO,,,NO,,NO,,NO,,,,,NO,,,LIVE_DB_SNAPSHOT_2026-08-02,
dbo,LichDatSan,38,PayosOrderCode,PayosOrderCode,BIGINT,BIGINT,,19,0,YES,,NO,,,NO,,NO,,NO,,,,,NO,,,LIVE_DB_SNAPSHOT_2026-08-02,
dbo,LichDatSan,39,PayosPaymentLinkId,PayosPaymentLinkId,VARCHAR,VARCHAR(255),255,,,YES,,NO,,,NO,,NO,,NO,,,,,NO,,,LIVE_DB_SNAPSHOT_2026-08-02,
dbo,LichDatSan,40,PayosQrPayload,PayosQrPayload,NVARCHAR,NVARCHAR(MAX),MAX,,,YES,,NO,,,NO,,NO,,NO,,,,,NO,,,LIVE_DB_SNAPSHOT_2026-08-02,
dbo,LichDatSan,41,PayosCheckoutUrl,PayosCheckoutUrl,NVARCHAR,NVARCHAR(1024),1024,,,YES,,NO,,,NO,,NO,,NO,,,,,NO,,,LIVE_DB_SNAPSHOT_2026-08-02,
dbo,LichDatSan,42,PayosBin,PayosBin,VARCHAR,VARCHAR(20),20,,,YES,,NO,,,NO,,NO,,NO,,,,,NO,,,LIVE_DB_SNAPSHOT_2026-08-02,
dbo,LichDatSan,43,PayosAccountNumber,PayosAccountNumber,VARCHAR,VARCHAR(64),64,,,YES,,NO,,,NO,,NO,,NO,,,,,NO,,,LIVE_DB_SNAPSHOT_2026-08-02,
dbo,LichDatSan,44,PayosAccountName,PayosAccountName,NVARCHAR,NVARCHAR(255),255,,,YES,,NO,,,NO,,NO,,NO,,,,,NO,,,LIVE_DB_SNAPSHOT_2026-08-02,
dbo,LichDatSan,45,PayosAmount,PayosAmount,DECIMAL,"DECIMAL(18,2)",,18,2,YES,,NO,,,NO,,NO,,NO,,,,,NO,,,LIVE_DB_SNAPSHOT_2026-08-02,
dbo,LichDatSan,46,PayosDescription,PayosDescription,NVARCHAR,NVARCHAR(255),255,,,YES,,NO,,,NO,,NO,,NO,,,,,NO,,,LIVE_DB_SNAPSHOT_2026-08-02,
dbo,LichDatSan,47,PayosExpiresAt,PayosExpiresAt,DATETIME2,DATETIME2,,,,YES,,NO,,,NO,,NO,,NO,,,,,NO,,,LIVE_DB_SNAPSHOT_2026-08-02,
dbo,LichDatSan_DichVu,1,Id,Id,INT,INT,,10,0,YES,,YES,1,1,NO,,YES,1,NO,,,,,YES,,,MIGRATION_SQL,Từ sql/migration_booking_service_preorder.sql
dbo,LichDatSan_DichVu,2,DatSanID,Mã đặt sân,INT,INT,,10,0,NO,,NO,,,NO,,NO,,YES,FK_LDSDV_DatSan,dbo,LichDatSan,DatSanID,NO,,,MIGRATION_SQL,Từ sql/migration_booking_service_preorder.sql
dbo,LichDatSan_DichVu,3,SanPhamID,Mã sản phẩm,INT,INT,,10,0,NO,,NO,,,NO,,NO,,YES,FK_LDSDV_SanPham,dbo,SanPham_DichVu,SanPhamID,NO,,,MIGRATION_SQL,Từ sql/migration_booking_service_preorder.sql
dbo,LichDatSan_DichVu,4,Quantity,Quantity,INT,INT,,10,0,NO,,NO,,,NO,,NO,,NO,,,,,NO,,,MIGRATION_SQL,Từ sql/migration_booking_service_preorder.sql
dbo,LichDatSan_DichVu,5,UnitPrice,UnitPrice,DECIMAL,"DECIMAL(18,2)",,18,2,NO,,NO,,,NO,,NO,,NO,,,,,NO,,,MIGRATION_SQL,Từ sql/migration_booking_service_preorder.sql
dbo,LichDatSan_DichVu,6,TotalPrice,TotalPrice,DECIMAL,"DECIMAL(18,2)",,18,2,NO,,NO,,,NO,,NO,,NO,,,,,NO,,,MIGRATION_SQL,Từ sql/migration_booking_service_preorder.sql
dbo,LichDatSan_DichVu,7,Status,Status,NVARCHAR,NVARCHAR(50),50,,,NO,N,NO,,,NO,,NO,,NO,,,,,NO,,,MIGRATION_SQL,Từ sql/migration_booking_service_preorder.sql
dbo,LichDatSan_DichVu,8,Note,Note,NVARCHAR,NVARCHAR(255),255,,,YES,,NO,,,NO,,NO,,NO,,,,,NO,,,MIGRATION_SQL,Từ sql/migration_booking_service_preorder.sql
dbo,LichDatSan_DichVu,9,CreatedAt,Thời điểm tạo,DATETIME2,DATETIME2,,,,NO,SYSDATETIME(),NO,,,NO,,NO,,NO,,,,,NO,,,MIGRATION_SQL,Từ sql/migration_booking_service_preorder.sql
dbo,LichDatSan_DichVu,10,DeliveredAt,DeliveredAt,DATETIME2,DATETIME2,,,,YES,,NO,,,NO,,NO,,NO,,,,,NO,,,MIGRATION_SQL,Từ sql/migration_booking_service_preorder.sql
dbo,LichDatSan_DichVu,11,DeliveredBy,DeliveredBy,INT,INT,,10,0,YES,,NO,,,NO,,NO,,YES,FK_LDSDV_DeliveredBy,dbo,Accounts,AccountID,NO,,,MIGRATION_SQL,Từ sql/migration_booking_service_preorder.sql
dbo,LichSuELO,1,LichSuELOID,mã LichSuELO,INT,INT,,10,0,NO,,YES,1,1,NO,,YES,1,NO,,,,,YES,,,LIVE_DB_SNAPSHOT_2026-08-02,
dbo,LichSuELO,2,AccountID,Mã tài khoản,INT,INT,,10,0,NO,,NO,,,NO,,NO,,YES,FK_LichSuELO_Account,dbo,Accounts,AccountID,NO,,,LIVE_DB_SNAPSHOT_2026-08-02,
dbo,LichSuELO,3,DatSanID,Mã đặt sân,INT,INT,,10,0,YES,,NO,,,NO,,NO,,YES,FK_LichSuELO_DatSan,dbo,LichDatSan,DatSanID,NO,,,LIVE_DB_SNAPSHOT_2026-08-02,
dbo,LichSuELO,4,DiemTruoc,DiemTruoc,INT,INT,,10,0,NO,,NO,,,NO,,NO,,NO,,,,,NO,,,LIVE_DB_SNAPSHOT_2026-08-02,
dbo,LichSuELO,5,DiemSau,DiemSau,INT,INT,,10,0,NO,,NO,,,NO,,NO,,NO,,,,,NO,,,LIVE_DB_SNAPSHOT_2026-08-02,
dbo,LichSuELO,6,ThayDoi,ThayDoi,INT,INT,,10,0,NO,,NO,,,NO,,NO,,NO,,,,,NO,,,LIVE_DB_SNAPSHOT_2026-08-02,
dbo,LichSuELO,7,LyDo,Lý do,NVARCHAR,NVARCHAR(255),255,,,YES,,NO,,,NO,,NO,,NO,,,,,NO,,,LIVE_DB_SNAPSHOT_2026-08-02,
dbo,LichSuELO,8,ThoiGian,ThoiGian,DATETIME,DATETIME,,,,YES,(getdate()),NO,,,NO,,NO,,NO,,,,,NO,,,LIVE_DB_SNAPSHOT_2026-08-02,
dbo,LichSuKhuyenMai,1,HistoryID,mã History,INT,INT,,10,0,NO,,YES,1,1,NO,,YES,1,NO,,,,,YES,,,LIVE_DB_SNAPSHOT_2026-08-02,
dbo,LichSuKhuyenMai,2,KhuyenMaiID,Mã khuyến mãi,INT,INT,,10,0,NO,,NO,,,NO,,NO,,YES,FK_LichSuKM_KhuyenMai,dbo,KhuyenMai,KhuyenMaiID,NO,,,LIVE_DB_SNAPSHOT_2026-08-02,
dbo,LichSuKhuyenMai,3,AccountID,Mã tài khoản,INT,INT,,10,0,NO,,NO,,,NO,,NO,,YES,FK_LichSuKM_Account,dbo,Accounts,AccountID,NO,,,LIVE_DB_SNAPSHOT_2026-08-02,
dbo,LichSuKhuyenMai,4,DatSanID,Mã đặt sân,INT,INT,,10,0,YES,,NO,,,NO,,NO,,NO,,,,,NO,,,LIVE_DB_SNAPSHOT_2026-08-02,
dbo,LichSuKhuyenMai,5,DiscountAmount,DiscountAmount,DECIMAL,"DECIMAL(18,2)",,18,2,NO,((0)),NO,,,NO,,NO,,NO,,,,,NO,,,LIVE_DB_SNAPSHOT_2026-08-02,
dbo,LichSuKhuyenMai,6,UsedAt,Thời điểm đã dùng,DATETIME,DATETIME,,,,NO,(getdate()),NO,,,NO,,NO,,NO,,,,,NO,,,LIVE_DB_SNAPSHOT_2026-08-02,
dbo,LichXeRaVao,1,LichXeID,mã LichXe,INT,INT,,10,0,NO,,YES,1,1,NO,,YES,1,NO,,,,,YES,,,LIVE_DB_SNAPSHOT_2026-08-02,
dbo,LichXeRaVao,2,TheID,Mã thẻ xe,INT,INT,,10,0,YES,,NO,,,NO,,NO,,YES,FK_Xe_The,dbo,TheGiuXe,TheID,NO,,,LIVE_DB_SNAPSHOT_2026-08-02,
dbo,LichXeRaVao,3,DatSanID,Mã đặt sân,INT,INT,,10,0,YES,,NO,,,NO,,NO,,YES,FK_Xe_DatSan,dbo,LichDatSan,DatSanID,NO,,,LIVE_DB_SNAPSHOT_2026-08-02,
dbo,LichXeRaVao,4,BienSoXe,BienSoXe,VARCHAR,VARCHAR(20),20,,,YES,,NO,,,NO,,NO,,NO,,,,,NO,,,LIVE_DB_SNAPSHOT_2026-08-02,
dbo,LichXeRaVao,5,KieuGuiXe,KieuGuiXe,NVARCHAR,NVARCHAR(20),20,,,YES,,NO,,,NO,,NO,,NO,,,,,NO,,,LIVE_DB_SNAPSHOT_2026-08-02,
dbo,LichXeRaVao,6,GioVao,giờ Vao,DATETIME,DATETIME,,,,YES,(getdate()),NO,,,NO,,NO,,NO,,,,,NO,,,LIVE_DB_SNAPSHOT_2026-08-02,
dbo,LichXeRaVao,7,GioRa,giờ Ra,DATETIME,DATETIME,,,,YES,,NO,,,NO,,NO,,NO,,,,,NO,,,LIVE_DB_SNAPSHOT_2026-08-02,
dbo,LichXeRaVao,8,PhiGuiXe,PhiGuiXe,DECIMAL,"DECIMAL(18,2)",,18,2,YES,((0)),NO,,,NO,,NO,,NO,,,,,NO,,,LIVE_DB_SNAPSHOT_2026-08-02,
dbo,LichXeRaVao,9,AccountID_NhanVien,AccountID_NhanVien,INT,INT,,10,0,YES,,NO,,,NO,,NO,,YES,FK_Xe_NhanVien,dbo,Accounts,AccountID,NO,,,LIVE_DB_SNAPSHOT_2026-08-02,
dbo,LoaiSan,1,LoaiSanID,Mã loại sân,INT,INT,,10,0,NO,,YES,1,1,NO,,YES,1,NO,,,,,YES,,,LIVE_DB_SNAPSHOT_2026-08-02,
dbo,LoaiSan,2,MonTheThaoID,Mã môn thể thao,INT,INT,,10,0,NO,,NO,,,NO,,NO,,YES,FK_LoaiSan_Mon,dbo,MonTheThao,MonTheThaoID,NO,,,LIVE_DB_SNAPSHOT_2026-08-02,
dbo,LoaiSan,3,TenLoai,tên Loai,NVARCHAR,NVARCHAR(50),50,,,NO,,NO,,,NO,,NO,,NO,,,,,NO,,,LIVE_DB_SNAPSHOT_2026-08-02,
dbo,LoaiSan,4,GiaKhongDen,GiaKhongDen,FLOAT,FLOAT,,53,,YES,,NO,,,NO,,NO,,NO,,,,,NO,,,LIVE_DB_SNAPSHOT_2026-08-02,
dbo,LoaiSan,5,GiaCoDen,GiaCoDen,DECIMAL,"DECIMAL(18,2)",,18,2,YES,,NO,,,NO,,NO,,NO,,,,,NO,,,LIVE_DB_SNAPSHOT_2026-08-02,
dbo,LoaiSan,6,GioBatDauLenDen,giờ BatDauLenDen,TIME,TIME,,,,YES,('17:30:00'),NO,,,NO,,NO,,NO,,,,,NO,,,LIVE_DB_SNAPSHOT_2026-08-02,
dbo,LoaiSan,7,CoSoID,Mã cơ sở,INT,INT,,10,0,YES,,NO,,,NO,,NO,,YES,FK_LoaiSan_CoSo,dbo,CoSo,CoSoID,NO,,,LIVE_DB_SNAPSHOT_2026-08-02,
dbo,LoaiSan,8,GioKetThucLenDen,giờ KetThucLenDen,TIME,TIME,,,,YES,,NO,,,NO,,NO,,NO,,,,,NO,,,LIVE_DB_SNAPSHOT_2026-08-02,
dbo,LoaiSan,9,IsDeleted,Đã xóa mềm,BIT,BIT,,,,NO,((0)),NO,,,NO,,NO,,NO,,,,,NO,,,LIVE_DB_SNAPSHOT_2026-08-02,
dbo,LoaiSan,10,DeletedAt,Thời điểm xóa,DATETIME,DATETIME,,,,YES,,NO,,,NO,,NO,,NO,,,,,NO,,,LIVE_DB_SNAPSHOT_2026-08-02,
dbo,LoaiSan,11,DeletedBy,Người xóa,INT,INT,,10,0,YES,,NO,,,NO,,NO,,NO,,,,,NO,,,LIVE_DB_SNAPSHOT_2026-08-02,
dbo,LoaiSan_KhungGioDen_Backup,1,KhungGioDenID,mã KhungGioDen,INT,INT,,10,0,NO,,NO,,,NO,,NO,,NO,,,,,NO,,,LIVE_DB_SNAPSHOT_2026-08-02,
dbo,LoaiSan_KhungGioDen_Backup,2,LoaiSanID,Mã loại sân,INT,INT,,10,0,NO,,NO,,,NO,,NO,,NO,,,,,NO,,,LIVE_DB_SNAPSHOT_2026-08-02,
dbo,LoaiSan_KhungGioDen_Backup,3,GioBatDau,Giờ bắt đầu,TIME,TIME,,,,NO,,NO,,,NO,,NO,,NO,,,,,NO,,,LIVE_DB_SNAPSHOT_2026-08-02,
dbo,LoaiSan_KhungGioDen_Backup,4,GioKetThuc,Giờ kết thúc,TIME,TIME,,,,NO,,NO,,,NO,,NO,,NO,,,,,NO,,,LIVE_DB_SNAPSHOT_2026-08-02,
dbo,LoaiSan_KhungGioDen_Backup,5,IsDeleted,Đã xóa mềm,BIT,BIT,,,,NO,,NO,,,NO,,NO,,NO,,,,,NO,,,LIVE_DB_SNAPSHOT_2026-08-02,
dbo,LoaiSan_KhungGioDen_Backup,6,DeletedAt,Thời điểm xóa,DATETIME2,DATETIME2,,,,YES,,NO,,,NO,,NO,,NO,,,,,NO,,,LIVE_DB_SNAPSHOT_2026-08-02,
dbo,LoaiSan_KhungGioDen_Backup,7,DeletedBy,Người xóa,INT,INT,,10,0,YES,,NO,,,NO,,NO,,NO,,,,,NO,,,LIVE_DB_SNAPSHOT_2026-08-02,
dbo,LoaiSan_KhungGioDen_Backup,8,CreatedAt,Thời điểm tạo,DATETIME2,DATETIME2,,,,NO,,NO,,,NO,,NO,,NO,,,,,NO,,,LIVE_DB_SNAPSHOT_2026-08-02,
dbo,LoaiSan_KhungGioDen_Backup,9,UpdatedAt,Thời điểm cập nhật,DATETIME2,DATETIME2,,,,YES,,NO,,,NO,,NO,,NO,,,,,NO,,,LIVE_DB_SNAPSHOT_2026-08-02,
dbo,MaQR,1,MaQRID,mã QRID,INT,INT,,10,0,YES,,YES,1,1,NO,,YES,1,NO,,,,,YES,,,MIGRATION_SQL,Từ Tài nguyên/QuanLiSport_V4.sql
dbo,MaQR,2,ChiaHoaDonID,mã ChiaHoaDon,INT,INT,,10,0,NO,,NO,,,NO,,NO,,YES,FK_QR_Chia,dbo,ChiaHoaDon,ChiaHoaDonID,NO,,,MIGRATION_SQL,Từ Tài nguyên/QuanLiSport_V4.sql
dbo,MaQR,3,NoiDungQR,NoiDungQR,NVARCHAR,NVARCHAR(500),500,,,NO,,NO,,,NO,,NO,,NO,,,,,NO,,,MIGRATION_SQL,Từ Tài nguyên/QuanLiSport_V4.sql
dbo,MaQR,4,NgayTao,ngày Tao,DATETIME,DATETIME,,,,YES,GETDATE(),NO,,,NO,,NO,,NO,,,,,NO,,,MIGRATION_SQL,Từ Tài nguyên/QuanLiSport_V4.sql
dbo,MaQR,5,NgayHetHan,ngày HetHan,DATETIME,DATETIME,,,,YES,,NO,,,NO,,NO,,NO,,,,,NO,,,MIGRATION_SQL,Từ Tài nguyên/QuanLiSport_V4.sql
dbo,MaQR,6,DaQuet,DaQuet,BIT,BIT,,,,YES,0,NO,,,NO,,NO,,NO,,,,,NO,,,MIGRATION_SQL,Từ Tài nguyên/QuanLiSport_V4.sql
dbo,MonTheThao,1,MonTheThaoID,Mã môn thể thao,INT,INT,,10,0,NO,,YES,1,1,NO,,YES,1,NO,,,,,YES,,,LIVE_DB_SNAPSHOT_2026-08-02,
dbo,MonTheThao,2,TenMon,tên Mon,NVARCHAR,NVARCHAR(50),50,,,NO,,NO,,,NO,,NO,,NO,,,,,NO,,,LIVE_DB_SNAPSHOT_2026-08-02,
dbo,MonTheThaoYeuThich,1,AccountID,Mã tài khoản,INT,INT,,10,0,NO,,NO,,,NO,,YES,1,YES,FK_MTTYT_Account,dbo,Accounts,AccountID,NO,,,LIVE_DB_SNAPSHOT_2026-08-02,
dbo,MonTheThaoYeuThich,2,MonTheThaoID,Mã môn thể thao,INT,INT,,10,0,NO,,NO,,,NO,,YES,2,YES,FK_MTTYT_Mon,dbo,MonTheThao,MonTheThaoID,NO,,,LIVE_DB_SNAPSHOT_2026-08-02,
dbo,MonTheThaoYeuThich,3,NgayThêm,ngày Thêm,DATETIME,DATETIME,,,,YES,(getdate()),NO,,,NO,,NO,,NO,,,,,NO,,,LIVE_DB_SNAPSHOT_2026-08-02,
dbo,NhatKyChat,1,NhatKyChatID,mã NhatKyChat,INT,INT,,10,0,NO,,YES,1,1,NO,,YES,1,NO,,,,,YES,,,LIVE_DB_SNAPSHOT_2026-08-02,
dbo,NhatKyChat,2,AccountID,Mã tài khoản,INT,INT,,10,0,YES,,NO,,,NO,,NO,,YES,FK_Chat_Account,dbo,Accounts,AccountID,NO,,,LIVE_DB_SNAPSHOT_2026-08-02,
dbo,NhatKyChat,3,Kenh,Kenh,NVARCHAR,NVARCHAR(20),20,,,NO,,NO,,,NO,,NO,,NO,,,,,NO,,,LIVE_DB_SNAPSHOT_2026-08-02,
dbo,NhatKyChat,4,TurnSo,TurnSo,INT,INT,,10,0,NO,,NO,,,NO,,NO,,NO,,,,,NO,,,LIVE_DB_SNAPSHOT_2026-08-02,
dbo,NhatKyChat,5,VaiTro,VaiTro,NVARCHAR,NVARCHAR(10),10,,,NO,,NO,,,NO,,NO,,NO,,,,,NO,,,LIVE_DB_SNAPSHOT_2026-08-02,
dbo,NhatKyChat,6,NoiDung,Nội dung,NVARCHAR,NVARCHAR(MAX),MAX,,,NO,,NO,,,NO,,NO,,NO,,,,,NO,,,LIVE_DB_SNAPSHOT_2026-08-02,
dbo,NhatKyChat,7,TrangThaiBot,trạng thái Bot,NVARCHAR,NVARCHAR(50),50,,,YES,,NO,,,NO,,NO,,NO,,,,,NO,,,LIVE_DB_SNAPSHOT_2026-08-02,
dbo,NhatKyChat,8,ThoiGian,ThoiGian,DATETIME,DATETIME,,,,YES,(getdate()),NO,,,NO,,NO,,NO,,,,,NO,,,LIVE_DB_SNAPSHOT_2026-08-02,
dbo,NhatKySOSGui,1,NhatKySOSGuiID,mã NhatKySOSGui,INT,INT,,10,0,NO,,YES,1,1,NO,,YES,1,NO,,,,,YES,,,LIVE_DB_SNAPSHOT_2026-08-02,
dbo,NhatKySOSGui,2,YeuCauSOSID,Mã yêu cầu SOS,INT,INT,,10,0,NO,,NO,,,NO,,NO,,YES,FK_SOSGui_YeuCau,dbo,YeuCauSOS,YeuCauSOSID,NO,,,LIVE_DB_SNAPSHOT_2026-08-02,
dbo,NhatKySOSGui,3,AccountID_NhanGui,AccountID_NhanGui,INT,INT,,10,0,NO,,NO,,,NO,,NO,,YES,FK_SOSGui_Account,dbo,Accounts,AccountID,NO,,,LIVE_DB_SNAPSHOT_2026-08-02,
dbo,NhatKySOSGui,4,ThoiGianGui,Thời gian gửi,DATETIME,DATETIME,,,,YES,(getdate()),NO,,,NO,,NO,,NO,,,,,NO,,,LIVE_DB_SNAPSHOT_2026-08-02,
dbo,NhatKySOSGui,5,DaXem,DaXem,BIT,BIT,,,,YES,((0)),NO,,,NO,,NO,,NO,,,,,NO,,,LIVE_DB_SNAPSHOT_2026-08-02,
dbo,NhatKySOSGui,6,PhanHoi,PhanHoi,NVARCHAR,NVARCHAR(50),50,,,YES,,NO,,,NO,,NO,,NO,,,,,NO,,,LIVE_DB_SNAPSHOT_2026-08-02,
dbo,NhomChiaTien,1,NhomChiaTienID,Mã nhóm chia tiền,INT,INT,,10,0,NO,,YES,1,1,NO,,YES,1,NO,,,,,YES,,,LIVE_DB_SNAPSHOT_2026-08-02,
dbo,NhomChiaTien,2,HoaDonID,Mã hóa đơn,INT,INT,,10,0,NO,,NO,,,NO,,NO,,YES,FK_NhomChiaTien_HoaDon,dbo,HoaDon,HoaDonID,YES,,,LIVE_DB_SNAPSHOT_2026-08-02,
dbo,NhomChiaTien,3,DatSanID,Mã đặt sân,INT,INT,,10,0,NO,,NO,,,NO,,NO,,YES,FK_NhomChiaTien_DatSan,dbo,LichDatSan,DatSanID,NO,,,LIVE_DB_SNAPSHOT_2026-08-02,
dbo,NhomChiaTien,4,CreatedByAccountID,mã CreatedByAccount,INT,INT,,10,0,NO,,NO,,,NO,,NO,,YES,FK_NhomChiaTien_Creator,dbo,Accounts,AccountID,NO,,,LIVE_DB_SNAPSHOT_2026-08-02,
dbo,NhomChiaTien,5,SplitType,SplitType,NVARCHAR,NVARCHAR(20),20,,,NO,,NO,,,NO,,NO,,NO,,,,,NO,,,LIVE_DB_SNAPSHOT_2026-08-02,
dbo,NhomChiaTien,6,TongTien,TongTien,DECIMAL,"DECIMAL(18,2)",,18,2,NO,,NO,,,NO,,NO,,NO,,,,,NO,,,LIVE_DB_SNAPSHOT_2026-08-02,
dbo,NhomChiaTien,7,TrangThai,Trạng thái,NVARCHAR,NVARCHAR(20),20,,,NO,(N'DRAFT'),NO,,,NO,,NO,,NO,,,,,NO,,,LIVE_DB_SNAPSHOT_2026-08-02,
dbo,NhomChiaTien,8,ExpiresAt,Thời điểm hết hạn,DATETIME,DATETIME,,,,YES,,NO,,,NO,,NO,,NO,,,,,NO,,,LIVE_DB_SNAPSHOT_2026-08-02,
dbo,NhomChiaTien,9,CreatedAt,Thời điểm tạo,DATETIME,DATETIME,,,,NO,(getdate()),NO,,,NO,,NO,,NO,,,,,NO,,,LIVE_DB_SNAPSHOT_2026-08-02,
dbo,NhomChiaTien,10,UpdatedAt,Thời điểm cập nhật,DATETIME,DATETIME,,,,NO,(getdate()),NO,,,NO,,NO,,NO,,,,,NO,,,LIVE_DB_SNAPSHOT_2026-08-02,
dbo,NhomChiaTienChiTiet,1,ChiTietID,mã ChiTiet,INT,INT,,10,0,NO,,YES,1,1,NO,,YES,1,NO,,,,,YES,,,LIVE_DB_SNAPSHOT_2026-08-02,
dbo,NhomChiaTienChiTiet,2,NhomChiaTienID,Mã nhóm chia tiền,INT,INT,,10,0,NO,,NO,,,NO,,NO,,YES,FK_NhomChiaTienChiTiet_Nhom,dbo,NhomChiaTien,NhomChiaTienID,NO,,,LIVE_DB_SNAPSHOT_2026-08-02,
dbo,NhomChiaTienChiTiet,3,AccountID,Mã tài khoản,INT,INT,,10,0,YES,,NO,,,NO,,NO,,YES,FK_NhomChiaTienChiTiet_Account,dbo,Accounts,AccountID,NO,,,LIVE_DB_SNAPSHOT_2026-08-02,
dbo,NhomChiaTienChiTiet,4,DisplayName,DisplayName,NVARCHAR,NVARCHAR(100),100,,,NO,,NO,,,NO,,NO,,NO,,,,,NO,,,LIVE_DB_SNAPSHOT_2026-08-02,
dbo,NhomChiaTienChiTiet,5,ShareToken,ShareToken,CHAR,CHAR(43),43,,,NO,,NO,,,NO,,NO,,NO,,,,,YES,,,LIVE_DB_SNAPSHOT_2026-08-02,
dbo,NhomChiaTienChiTiet,6,SoTien,SoTien,DECIMAL,"DECIMAL(18,2)",,18,2,NO,,NO,,,NO,,NO,,NO,,,,,NO,,,LIVE_DB_SNAPSHOT_2026-08-02,
dbo,NhomChiaTienChiTiet,7,TrangThai,Trạng thái,NVARCHAR,NVARCHAR(20),20,,,NO,(N'PENDING'),NO,,,NO,,NO,,NO,,,,,NO,,,LIVE_DB_SNAPSHOT_2026-08-02,
dbo,NhomChiaTienChiTiet,8,PaymentMethod,PaymentMethod,NVARCHAR,NVARCHAR(30),30,,,YES,,NO,,,NO,,NO,,NO,,,,,NO,,,LIVE_DB_SNAPSHOT_2026-08-02,
dbo,NhomChiaTienChiTiet,9,PaymentTransactionID,mã PaymentTransaction,NVARCHAR,NVARCHAR(100),100,,,YES,,NO,,,NO,,NO,,NO,,,,,NO,,,LIVE_DB_SNAPSHOT_2026-08-02,
dbo,NhomChiaTienChiTiet,10,PayerAccountID,mã PayerAccount,INT,INT,,10,0,YES,,NO,,,NO,,NO,,YES,FK_NhomChiaTienChiTiet_Payer,dbo,Accounts,AccountID,NO,,,LIVE_DB_SNAPSHOT_2026-08-02,
dbo,NhomChiaTienChiTiet,11,PaidAt,PaidAt,DATETIME,DATETIME,,,,YES,,NO,,,NO,,NO,,NO,,,,,NO,,,LIVE_DB_SNAPSHOT_2026-08-02,
dbo,NhomChiaTienChiTiet,12,ConfirmedByStaffID,mã ConfirmedByStaff,INT,INT,,10,0,YES,,NO,,,NO,,NO,,YES,FK_NhomChiaTienChiTiet_Staff,dbo,Accounts,AccountID,NO,,,LIVE_DB_SNAPSHOT_2026-08-02,
dbo,NhomChiaTienChiTiet,13,CreatedAt,Thời điểm tạo,DATETIME,DATETIME,,,,NO,(getdate()),NO,,,NO,,NO,,NO,,,,,NO,,,LIVE_DB_SNAPSHOT_2026-08-02,
dbo,NhomChiaTienChiTiet,14,UpdatedAt,Thời điểm cập nhật,DATETIME,DATETIME,,,,NO,(getdate()),NO,,,NO,,NO,,NO,,,,,NO,,,LIVE_DB_SNAPSHOT_2026-08-02,
dbo,PayOSPaymentAttempt,1,AttemptID,mã Attempt,BIGINT,BIGINT,,19,0,NO,,YES,1,1,NO,,YES,1,NO,,,,,YES,,,LIVE_DB_SNAPSHOT_2026-08-02,
dbo,PayOSPaymentAttempt,2,HoaDonID,Mã hóa đơn,INT,INT,,10,0,NO,,NO,,,NO,,NO,,YES,FK_PayOSPaymentAttempt_HoaDon,dbo,HoaDon,HoaDonID,YES,,,LIVE_DB_SNAPSHOT_2026-08-02,
dbo,PayOSPaymentAttempt,3,DatSanID,Mã đặt sân,INT,INT,,10,0,NO,,NO,,,NO,,NO,,YES,FK_PayOSPaymentAttempt_LichDatSan,dbo,LichDatSan,DatSanID,NO,,,LIVE_DB_SNAPSHOT_2026-08-02,
dbo,PayOSPaymentAttempt,4,CoSoID,Mã cơ sở,INT,INT,,10,0,NO,,NO,,,NO,,NO,,YES,FK_PayOSPaymentAttempt_CoSo,dbo,CoSo,CoSoID,NO,,,LIVE_DB_SNAPSHOT_2026-08-02,
dbo,PayOSPaymentAttempt,5,OrderCode,OrderCode,BIGINT,BIGINT,,19,0,NO,,NO,,,NO,,NO,,NO,,,,,YES,,,LIVE_DB_SNAPSHOT_2026-08-02,
dbo,PayOSPaymentAttempt,6,PaymentLinkID,mã PaymentLink,NVARCHAR,NVARCHAR(100),100,,,YES,,NO,,,NO,,NO,,NO,,,,,NO,,,LIVE_DB_SNAPSHOT_2026-08-02,
dbo,PayOSPaymentAttempt,7,CheckoutUrl,CheckoutUrl,NVARCHAR,NVARCHAR(1000),1000,,,YES,,NO,,,NO,,NO,,NO,,,,,NO,,,LIVE_DB_SNAPSHOT_2026-08-02,
dbo,PayOSPaymentAttempt,8,QrCode,QrCode,NVARCHAR,NVARCHAR(MAX),MAX,,,YES,,NO,,,NO,,NO,,NO,,,,,NO,,,LIVE_DB_SNAPSHOT_2026-08-02,
dbo,PayOSPaymentAttempt,9,Status,Status,NVARCHAR,NVARCHAR(30),30,,,NO,,NO,,,NO,,NO,,NO,,,,,NO,,,LIVE_DB_SNAPSHOT_2026-08-02,
dbo,PayOSPaymentAttempt,10,Amount,Amount,DECIMAL,"DECIMAL(18,2)",,18,2,NO,,NO,,,NO,,NO,,NO,,,,,NO,,,LIVE_DB_SNAPSHOT_2026-08-02,
dbo,PayOSPaymentAttempt,11,Description,Description,NVARCHAR,NVARCHAR(100),100,,,NO,,NO,,,NO,,NO,,NO,,,,,NO,,,LIVE_DB_SNAPSHOT_2026-08-02,
dbo,PayOSPaymentAttempt,12,CreatedAt,Thời điểm tạo,DATETIME2,DATETIME2,,,,NO,(sysdatetime()),NO,,,NO,,NO,,NO,,,,,NO,,,LIVE_DB_SNAPSHOT_2026-08-02,
dbo,PayOSPaymentAttempt,13,PaidAt,PaidAt,DATETIME2,DATETIME2,,,,YES,,NO,,,NO,,NO,,NO,,,,,NO,,,LIVE_DB_SNAPSHOT_2026-08-02,
dbo,PayOSPaymentAttempt,14,CancelledAt,CancelledAt,DATETIME2,DATETIME2,,,,YES,,NO,,,NO,,NO,,NO,,,,,NO,,,LIVE_DB_SNAPSHOT_2026-08-02,
dbo,PayOSPaymentAttempt,15,LastCheckedAt,LastCheckedAt,DATETIME2,DATETIME2,,,,YES,,NO,,,NO,,NO,,NO,,,,,NO,,,LIVE_DB_SNAPSHOT_2026-08-02,
dbo,PayOSPaymentAttempt,16,FailureReason,FailureReason,NVARCHAR,NVARCHAR(500),500,,,YES,,NO,,,NO,,NO,,NO,,,,,NO,,,LIVE_DB_SNAPSHOT_2026-08-02,
dbo,QRRequest,1,RequestID,mã Request,INT,INT,,10,0,NO,,YES,1,1,NO,,YES,1,NO,,,,,YES,,,LIVE_DB_SNAPSHOT_2026-08-02,
dbo,QRRequest,2,SanID,Mã sân,INT,INT,,10,0,NO,,NO,,,NO,,NO,,YES,FK_QRRequest_San,dbo,San,SanID,NO,,,LIVE_DB_SNAPSHOT_2026-08-02,
dbo,QRRequest,3,CoSoID,Mã cơ sở,INT,INT,,10,0,NO,,NO,,,NO,,NO,,YES,FK_QRRequest_CoSo,dbo,CoSo,CoSoID,NO,,,LIVE_DB_SNAPSHOT_2026-08-02,
dbo,QRRequest,4,GuestToken,GuestToken,VARCHAR,VARCHAR(64),64,,,NO,,NO,,,NO,,NO,,NO,,,,,NO,,,LIVE_DB_SNAPSHOT_2026-08-02,
dbo,QRRequest,5,CustomerID,mã Customer,INT,INT,,10,0,YES,,NO,,,NO,,NO,,NO,,,,,NO,,,LIVE_DB_SNAPSHOT_2026-08-02,
dbo,QRRequest,6,RequestType,RequestType,VARCHAR,VARCHAR(20),20,,,NO,,NO,,,NO,,NO,,NO,,,,,NO,,,LIVE_DB_SNAPSHOT_2026-08-02,
dbo,QRRequest,7,ItemsJson,ItemsJson,NVARCHAR,NVARCHAR(MAX),MAX,,,YES,,NO,,,NO,,NO,,NO,,,,,NO,,,LIVE_DB_SNAPSHOT_2026-08-02,
dbo,QRRequest,8,Note,Note,NVARCHAR,NVARCHAR(255),255,,,YES,,NO,,,NO,,NO,,NO,,,,,NO,,,LIVE_DB_SNAPSHOT_2026-08-02,
dbo,QRRequest,9,Status,Status,VARCHAR,VARCHAR(20),20,,,NO,('NEW'),NO,,,NO,,NO,,NO,,,,,NO,,,LIVE_DB_SNAPSHOT_2026-08-02,
dbo,QRRequest,10,CreatedAt,Thời điểm tạo,DATETIME2,DATETIME2,,,,NO,(getdate()),NO,,,NO,,NO,,NO,,,,,NO,,,LIVE_DB_SNAPSHOT_2026-08-02,
dbo,QRRequest,11,UpdatedAt,Thời điểm cập nhật,DATETIME2,DATETIME2,,,,NO,(getdate()),NO,,,NO,,NO,,NO,,,,,NO,,,LIVE_DB_SNAPSHOT_2026-08-02,
dbo,QRRequest,12,HandledByStaffID,mã HandledByStaff,INT,INT,,10,0,YES,,NO,,,NO,,NO,,NO,,,,,NO,,,LIVE_DB_SNAPSHOT_2026-08-02,
dbo,RacketStringingConfig,1,ConfigID,mã Config,INT,INT,,10,0,NO,,YES,1,1,NO,,YES,1,NO,,,,,YES,,,LIVE_DB_SNAPSHOT_2026-08-02,
dbo,RacketStringingConfig,2,ServiceID,Mã dịch vụ,INT,INT,,10,0,NO,,NO,,,NO,,NO,,YES,FK_RacketCfg_Service,dbo,SportService,ServiceID,YES,,,LIVE_DB_SNAPSHOT_2026-08-02,
dbo,RacketStringingConfig,3,RacketTypes,RacketTypes,NVARCHAR,NVARCHAR(300),300,,,YES,,NO,,,NO,,NO,,NO,,,,,NO,,,LIVE_DB_SNAPSHOT_2026-08-02,
dbo,RacketStringingConfig,4,StringingPrice,StringingPrice,DECIMAL,"DECIMAL(12,2)",,12,2,NO,((0)),NO,,,NO,,NO,,NO,,,,,NO,,,LIVE_DB_SNAPSHOT_2026-08-02,
dbo,RacketStringingConfig,5,MinTension,MinTension,DECIMAL,"DECIMAL(5,2)",,5,2,NO,,NO,,,NO,,NO,,NO,,,,,NO,,,LIVE_DB_SNAPSHOT_2026-08-02,
dbo,RacketStringingConfig,6,MaxTension,mã xTension,DECIMAL,"DECIMAL(5,2)",,5,2,NO,,NO,,,NO,,NO,,NO,,,,,NO,,,LIVE_DB_SNAPSHOT_2026-08-02,
dbo,RacketStringingConfig,7,TensionUnit,tên sionUnit,NVARCHAR,NVARCHAR(5),5,,,NO,(N'kg'),NO,,,NO,,NO,,NO,,,,,NO,,,LIVE_DB_SNAPSHOT_2026-08-02,
dbo,RacketStringingConfig,8,AllowCustomerString,AllowCustomerString,BIT,BIT,,,,NO,((1)),NO,,,NO,,NO,,NO,,,,,NO,,,LIVE_DB_SNAPSHOT_2026-08-02,
dbo,RacketStringingConfig,9,SellsString,SellsString,BIT,BIT,,,,NO,((1)),NO,,,NO,,NO,,NO,,,,,NO,,,LIVE_DB_SNAPSHOT_2026-08-02,
dbo,RacketStringingConfig,10,AvgCompletionMinutes,AvgCompletionMinutes,INT,INT,,10,0,NO,((60)),NO,,,NO,,NO,,NO,,,,,NO,,,LIVE_DB_SNAPSHOT_2026-08-02,
dbo,RacketStringingConfig,11,MaxRacketsPerOrder,mã xRacketsPerOrder,INT,INT,,10,0,NO,((5)),NO,,,NO,,NO,,NO,,,,,NO,,,LIVE_DB_SNAPSHOT_2026-08-02,
dbo,RacketStringingConfig,12,OldRacketPolicy,OldRacketPolicy,NVARCHAR,NVARCHAR(500),500,,,YES,,NO,,,NO,,NO,,NO,,,,,NO,,,LIVE_DB_SNAPSHOT_2026-08-02,
dbo,RacketStringingConfig,13,StringBreakPolicy,StringBreakPolicy,NVARCHAR,NVARCHAR(500),500,,,YES,,NO,,,NO,,NO,,NO,,,,,NO,,,LIVE_DB_SNAPSHOT_2026-08-02,
dbo,RacketStringingOrderDetail,1,DetailID,mã Detail,INT,INT,,10,0,NO,,YES,1,1,NO,,YES,1,NO,,,,,YES,,,LIVE_DB_SNAPSHOT_2026-08-02,
dbo,RacketStringingOrderDetail,2,OrderID,Mã đơn dịch vụ,INT,INT,,10,0,NO,,NO,,,NO,,NO,,YES,FK_RSOD_Order,dbo,ServiceOrder,OrderID,YES,,,LIVE_DB_SNAPSHOT_2026-08-02,
dbo,RacketStringingOrderDetail,3,RacketType,RacketType,NVARCHAR,NVARCHAR(50),50,,,YES,,NO,,,NO,,NO,,NO,,,,,NO,,,LIVE_DB_SNAPSHOT_2026-08-02,
dbo,RacketStringingOrderDetail,4,RacketBrand,RacketBrand,NVARCHAR,NVARCHAR(100),100,,,YES,,NO,,,NO,,NO,,NO,,,,,NO,,,LIVE_DB_SNAPSHOT_2026-08-02,
dbo,RacketStringingOrderDetail,5,RacketModel,RacketModel,NVARCHAR,NVARCHAR(100),100,,,YES,,NO,,,NO,,NO,,NO,,,,,NO,,,LIVE_DB_SNAPSHOT_2026-08-02,
dbo,RacketStringingOrderDetail,6,MaterialID,Mã vật tư,INT,INT,,10,0,YES,,NO,,,NO,,NO,,YES,FK_RSOD_Material,dbo,ServiceMaterial,MaterialID,NO,,,LIVE_DB_SNAPSHOT_2026-08-02,
dbo,RacketStringingOrderDetail,7,CustomerBringsString,CustomerBringsString,BIT,BIT,,,,NO,((0)),NO,,,NO,,NO,,NO,,,,,NO,,,LIVE_DB_SNAPSHOT_2026-08-02,
dbo,RacketStringingOrderDetail,8,TensionValue,tên sionValue,DECIMAL,"DECIMAL(5,2)",,5,2,NO,,NO,,,NO,,NO,,NO,,,,,NO,,,LIVE_DB_SNAPSHOT_2026-08-02,
dbo,RacketStringingOrderDetail,9,TensionUnit,tên sionUnit,NVARCHAR,NVARCHAR(5),5,,,NO,(N'kg'),NO,,,NO,,NO,,NO,,,,,NO,,,LIVE_DB_SNAPSHOT_2026-08-02,
dbo,RacketStringingOrderDetail,10,StringColor,StringColor,NVARCHAR,NVARCHAR(50),50,,,YES,,NO,,,NO,,NO,,NO,,,,,NO,,,LIVE_DB_SNAPSHOT_2026-08-02,
dbo,RacketStringingOrderDetail,11,Quantity,Quantity,INT,INT,,10,0,NO,((1)),NO,,,NO,,NO,,NO,,,,,NO,,,LIVE_DB_SNAPSHOT_2026-08-02,
dbo,RacketStringingOrderDetail,12,TechnicalNote,TechnicalNote,NVARCHAR,NVARCHAR(500),500,,,YES,,NO,,,NO,,NO,,NO,,,,,NO,,,LIVE_DB_SNAPSHOT_2026-08-02,
dbo,Roles,1,RoleID,Mã vai trò,INT,INT,,10,0,NO,,YES,1,1,NO,,YES,1,NO,,,,,YES,,,LIVE_DB_SNAPSHOT_2026-08-02,
dbo,Roles,2,RoleName,Tên vai trò,NVARCHAR,NVARCHAR(50),50,,,NO,,NO,,,NO,,NO,,NO,,,,,NO,,,LIVE_DB_SNAPSHOT_2026-08-02,
dbo,San,1,SanID,Mã sân,INT,INT,,10,0,NO,,YES,1,1,NO,,YES,1,NO,,,,,YES,,,LIVE_DB_SNAPSHOT_2026-08-02,
dbo,San,2,TenSan,tên San,NVARCHAR,NVARCHAR(50),50,,,NO,,NO,,,NO,,NO,,NO,,,,,NO,,,LIVE_DB_SNAPSHOT_2026-08-02,
dbo,San,3,LoaiSanID,Mã loại sân,INT,INT,,10,0,YES,,NO,,,NO,,NO,,YES,FK_San_LoaiSan,dbo,LoaiSan,LoaiSanID,NO,,,LIVE_DB_SNAPSHOT_2026-08-02,
dbo,San,4,CoSoID,Mã cơ sở,INT,INT,,10,0,NO,,NO,,,NO,,NO,,YES,FK_San_CoSo,dbo,CoSo,CoSoID,NO,,,LIVE_DB_SNAPSHOT_2026-08-02,
dbo,San,5,TrangThai,Trạng thái,NVARCHAR,NVARCHAR(50),50,,,YES,(N'Sẵn sàng'),NO,,,NO,,NO,,NO,,,,,NO,,,LIVE_DB_SNAPSHOT_2026-08-02,
dbo,San,6,MoTa,Mô tả,NVARCHAR,NVARCHAR(MAX),MAX,,,YES,,NO,,,NO,,NO,,NO,,,,,NO,,,LIVE_DB_SNAPSHOT_2026-08-02,
dbo,San,7,HinhAnh,HinhAnh,NVARCHAR,NVARCHAR(500),500,,,YES,,NO,,,NO,,NO,,NO,,,,,NO,,,LIVE_DB_SNAPSHOT_2026-08-02,
dbo,San,8,IsDeleted,Đã xóa mềm,BIT,BIT,,,,YES,((0)),NO,,,NO,,NO,,NO,,,,,NO,,,LIVE_DB_SNAPSHOT_2026-08-02,
dbo,San,9,DeletedAt,Thời điểm xóa,DATETIME,DATETIME,,,,YES,,NO,,,NO,,NO,,NO,,,,,NO,,,LIVE_DB_SNAPSHOT_2026-08-02,
dbo,San,10,DeletedBy,Người xóa,INT,INT,,10,0,YES,,NO,,,NO,,NO,,NO,,,,,NO,,,LIVE_DB_SNAPSHOT_2026-08-02,
dbo,SanPham_DichVu,1,SanPhamID,Mã sản phẩm,INT,INT,,10,0,NO,,YES,1,1,NO,,YES,1,NO,,,,,YES,,,LIVE_DB_SNAPSHOT_2026-08-02,
dbo,SanPham_DichVu,2,DanhMucID,Mã danh mục,INT,INT,,10,0,NO,,NO,,,NO,,NO,,YES,FK_SP_DanhMuc,dbo,DanhMucSanPham,DanhMucID,NO,,,LIVE_DB_SNAPSHOT_2026-08-02,
dbo,SanPham_DichVu,3,CoSoID,Mã cơ sở,INT,INT,,10,0,NO,,NO,,,NO,,NO,,YES,FK_SP_CoSo,dbo,CoSo,CoSoID,NO,,,LIVE_DB_SNAPSHOT_2026-08-02,
dbo,SanPham_DichVu,4,TenSanPham,tên SanPham,NVARCHAR,NVARCHAR(100),100,,,NO,,NO,,,NO,,NO,,NO,,,,,NO,,,LIVE_DB_SNAPSHOT_2026-08-02,
dbo,SanPham_DichVu,5,DonGia,DonGia,FLOAT,FLOAT,,53,,YES,,NO,,,NO,,NO,,NO,,,,,NO,,,LIVE_DB_SNAPSHOT_2026-08-02,
dbo,SanPham_DichVu,6,DonViTinh,DonViTinh,NVARCHAR,NVARCHAR(20),20,,,YES,,NO,,,NO,,NO,,NO,,,,,NO,,,LIVE_DB_SNAPSHOT_2026-08-02,
dbo,SanPham_DichVu,7,SoLuongTon,số lượng Ton,INT,INT,,10,0,YES,((0)),NO,,,NO,,NO,,NO,,,,,NO,,,LIVE_DB_SNAPSHOT_2026-08-02,
dbo,SanPham_DichVu,8,TrangThai,Trạng thái,NVARCHAR,NVARCHAR(50),50,,,YES,(N'Đang kinh doanh'),NO,,,NO,,NO,,NO,,,,,NO,,,LIVE_DB_SNAPSHOT_2026-08-02,
dbo,SanPham_DichVu,9,SkuCode,SkuCode,NVARCHAR,NVARCHAR(50),50,,,YES,,NO,,,NO,,NO,,NO,,,,,NO,,,LIVE_DB_SNAPSHOT_2026-08-02,
dbo,SanPham_DichVu,10,GiaNhap,GiaNhap,FLOAT,FLOAT,,53,,YES,,NO,,,NO,,NO,,NO,,,,,NO,,,LIVE_DB_SNAPSHOT_2026-08-02,
dbo,SanPham_DichVu,11,MoTa,Mô tả,NVARCHAR,NVARCHAR(255),255,,,YES,,NO,,,NO,,NO,,NO,,,,,NO,,,LIVE_DB_SNAPSHOT_2026-08-02,
dbo,SanPham_DichVu,12,IsDeleted,Đã xóa mềm,BIT,BIT,,,,YES,((0)),NO,,,NO,,NO,,NO,,,,,NO,,,LIVE_DB_SNAPSHOT_2026-08-02,
dbo,SanPham_DichVu,13,DeletedAt,Thời điểm xóa,DATETIME,DATETIME,,,,YES,,NO,,,NO,,NO,,NO,,,,,NO,,,LIVE_DB_SNAPSHOT_2026-08-02,
dbo,SanPham_DichVu,14,DeletedBy,Người xóa,INT,INT,,10,0,YES,,NO,,,NO,,NO,,NO,,,,,NO,,,LIVE_DB_SNAPSHOT_2026-08-02,
dbo,SanPham_DichVu,15,HinhAnh,HinhAnh,NVARCHAR,NVARCHAR(500),500,,,YES,,NO,,,NO,,NO,,NO,,,,,NO,,,LIVE_DB_SNAPSHOT_2026-08-02,
dbo,SanQR,1,SanQRID,Mã QR sân,INT,INT,,10,0,NO,,YES,1,1,NO,,YES,1,NO,,,,,YES,,,LIVE_DB_SNAPSHOT_2026-08-02,
dbo,SanQR,2,SanID,Mã sân,INT,INT,,10,0,NO,,NO,,,NO,,NO,,YES,FK_SanQR_San,dbo,San,SanID,YES,,,LIVE_DB_SNAPSHOT_2026-08-02,
dbo,SanQR,3,Token,Token,UNIQUEIDENTIFIER,UNIQUEIDENTIFIER,,,,NO,(newid()),NO,,,NO,,NO,,NO,,,,,YES,,,LIVE_DB_SNAPSHOT_2026-08-02,
dbo,SanQR,4,TrangThai,Trạng thái,NVARCHAR,NVARCHAR(20),20,,,NO,(N'ACTIVE'),NO,,,NO,,NO,,NO,,,,,NO,,,LIVE_DB_SNAPSHOT_2026-08-02,
dbo,SanQR,5,CreatedAt,Thời điểm tạo,DATETIME2,DATETIME2,,,,NO,(sysutcdatetime()),NO,,,NO,,NO,,NO,,,,,NO,,,LIVE_DB_SNAPSHOT_2026-08-02,
dbo,SanQR,6,CreatedBy,Người tạo,INT,INT,,10,0,YES,,NO,,,NO,,NO,,YES,FK_SanQR_CreatedBy,dbo,Accounts,AccountID,NO,,,LIVE_DB_SNAPSHOT_2026-08-02,
dbo,SanQR,7,UpdatedAt,Thời điểm cập nhật,DATETIME2,DATETIME2,,,,NO,(sysutcdatetime()),NO,,,NO,,NO,,NO,,,,,NO,,,LIVE_DB_SNAPSHOT_2026-08-02,
dbo,SanQR,8,UpdatedBy,Người cập nhật,INT,INT,,10,0,YES,,NO,,,NO,,NO,,YES,FK_SanQR_UpdatedBy,dbo,Accounts,AccountID,NO,,,LIVE_DB_SNAPSHOT_2026-08-02,
dbo,SanQR,9,RegenerateCount,RegenerateCount,INT,INT,,10,0,NO,((0)),NO,,,NO,,NO,,NO,,,,,NO,,,LIVE_DB_SNAPSHOT_2026-08-02,
dbo,SanQR,10,ShortCode,ShortCode,NVARCHAR,NVARCHAR(12),12,,,YES,,NO,,,NO,,NO,,NO,,,,,YES,,,LIVE_DB_SNAPSHOT_2026-08-02,
dbo,SanQRTokenHistory,1,HistoryID,mã History,INT,INT,,10,0,NO,,YES,1,1,NO,,YES,1,NO,,,,,YES,,,LIVE_DB_SNAPSHOT_2026-08-02,
dbo,SanQRTokenHistory,2,SanQRID,Mã QR sân,INT,INT,,10,0,NO,,NO,,,NO,,NO,,YES,FK_SanQRTokenHistory_SanQR,dbo,SanQR,SanQRID,NO,,,LIVE_DB_SNAPSHOT_2026-08-02,
dbo,SanQRTokenHistory,3,SanID,Mã sân,INT,INT,,10,0,NO,,NO,,,NO,,NO,,YES,FK_SanQRTokenHistory_San,dbo,San,SanID,NO,,,LIVE_DB_SNAPSHOT_2026-08-02,
dbo,SanQRTokenHistory,4,Token,Token,UNIQUEIDENTIFIER,UNIQUEIDENTIFIER,,,,YES,,NO,,,NO,,NO,,NO,,,,,YES,,,LIVE_DB_SNAPSHOT_2026-08-02,
dbo,SanQRTokenHistory,5,TrangThai,Trạng thái,NVARCHAR,NVARCHAR(20),20,,,NO,(N'ISSUED'),NO,,,NO,,NO,,NO,,,,,NO,,,LIVE_DB_SNAPSHOT_2026-08-02,
dbo,SanQRTokenHistory,6,IssuedAt,cờ suedAt,DATETIME2,DATETIME2,,,,NO,(sysutcdatetime()),NO,,,NO,,NO,,NO,,,,,NO,,,LIVE_DB_SNAPSHOT_2026-08-02,
dbo,SanQRTokenHistory,7,RevokedAt,RevokedAt,DATETIME2,DATETIME2,,,,YES,,NO,,,NO,,NO,,NO,,,,,NO,,,LIVE_DB_SNAPSHOT_2026-08-02,
dbo,SanQRTokenHistory,8,RevokedBy,RevokedBy,INT,INT,,10,0,YES,,NO,,,NO,,NO,,YES,FK_SanQRTokenHistory_RevokedBy,dbo,Accounts,AccountID,NO,,,LIVE_DB_SNAPSHOT_2026-08-02,
dbo,SanQRTokenHistory,9,RevokeReason,RevokeReason,NVARCHAR,NVARCHAR(200),200,,,YES,,NO,,,NO,,NO,,NO,,,,,NO,,,LIVE_DB_SNAPSHOT_2026-08-02,
dbo,SanQRTokenHistory,10,TokenHash,TokenHash,NVARCHAR,NVARCHAR(64),64,,,YES,,NO,,,NO,,NO,,NO,,,,,NO,,,LIVE_DB_SNAPSHOT_2026-08-02,
dbo,SanQRTokenHistory,11,ShortCode,ShortCode,NVARCHAR,NVARCHAR(12),12,,,YES,,NO,,,NO,,NO,,NO,,,,,NO,,,LIVE_DB_SNAPSHOT_2026-08-02,
dbo,ServiceMaterial,1,MaterialID,Mã vật tư,INT,INT,,10,0,NO,,YES,1,1,NO,,YES,1,NO,,,,,YES,,,LIVE_DB_SNAPSHOT_2026-08-02,
dbo,ServiceMaterial,2,CoSoID,Mã cơ sở,INT,INT,,10,0,NO,,NO,,,NO,,NO,,YES,FK_ServiceMaterial_CoSo,dbo,CoSo,CoSoID,NO,,,LIVE_DB_SNAPSHOT_2026-08-02,
dbo,ServiceMaterial,3,Name,Name,NVARCHAR,NVARCHAR(150),150,,,NO,,NO,,,NO,,NO,,NO,,,,,NO,,,LIVE_DB_SNAPSHOT_2026-08-02,
dbo,ServiceMaterial,4,Brand,Brand,NVARCHAR,NVARCHAR(100),100,,,YES,,NO,,,NO,,NO,,NO,,,,,NO,,,LIVE_DB_SNAPSHOT_2026-08-02,
dbo,ServiceMaterial,5,Code,Code,NVARCHAR,NVARCHAR(50),50,,,YES,,NO,,,NO,,NO,,NO,,,,,NO,,,LIVE_DB_SNAPSHOT_2026-08-02,
dbo,ServiceMaterial,6,Color,Color,NVARCHAR,NVARCHAR(50),50,,,YES,,NO,,,NO,,NO,,NO,,,,,NO,,,LIVE_DB_SNAPSHOT_2026-08-02,
dbo,ServiceMaterial,7,SportType,SportType,NVARCHAR,NVARCHAR(50),50,,,YES,,NO,,,NO,,NO,,NO,,,,,NO,,,LIVE_DB_SNAPSHOT_2026-08-02,
dbo,ServiceMaterial,8,Price,Price,DECIMAL,"DECIMAL(12,2)",,12,2,NO,((0)),NO,,,NO,,NO,,NO,,,,,NO,,,LIVE_DB_SNAPSHOT_2026-08-02,
dbo,ServiceMaterial,9,ExtraFee,ExtraFee,DECIMAL,"DECIMAL(12,2)",,12,2,NO,((0)),NO,,,NO,,NO,,NO,,,,,NO,,,LIVE_DB_SNAPSHOT_2026-08-02,
dbo,ServiceMaterial,10,Status,Status,NVARCHAR,NVARCHAR(20),20,,,NO,(N'DANG_CO'),NO,,,NO,,NO,,NO,,,,,NO,,,LIVE_DB_SNAPSHOT_2026-08-02,
dbo,ServiceMaterial,11,Description,Description,NVARCHAR,NVARCHAR(500),500,,,YES,,NO,,,NO,,NO,,NO,,,,,NO,,,LIVE_DB_SNAPSHOT_2026-08-02,
dbo,ServiceMaterial,12,IsDeleted,Đã xóa mềm,BIT,BIT,,,,NO,((0)),NO,,,NO,,NO,,NO,,,,,NO,,,LIVE_DB_SNAPSHOT_2026-08-02,
dbo,ServiceMaterial,13,CreatedAt,Thời điểm tạo,DATETIME2,DATETIME2,,,,NO,(sysutcdatetime()),NO,,,NO,,NO,,NO,,,,,NO,,,LIVE_DB_SNAPSHOT_2026-08-02,
dbo,ServiceMaterial,14,UpdatedAt,Thời điểm cập nhật,DATETIME2,DATETIME2,,,,NO,(sysutcdatetime()),NO,,,NO,,NO,,NO,,,,,NO,,,LIVE_DB_SNAPSHOT_2026-08-02,
dbo,ServiceOrder,1,OrderID,Mã đơn dịch vụ,INT,INT,,10,0,NO,,YES,1,1,NO,,YES,1,NO,,,,,YES,,,LIVE_DB_SNAPSHOT_2026-08-02,
dbo,ServiceOrder,2,CustomerID,mã Customer,INT,INT,,10,0,NO,,NO,,,NO,,NO,,YES,FK_ServiceOrder_Customer,dbo,Accounts,AccountID,NO,,,LIVE_DB_SNAPSHOT_2026-08-02,
dbo,ServiceOrder,3,CoSoID,Mã cơ sở,INT,INT,,10,0,NO,,NO,,,NO,,NO,,YES,FK_ServiceOrder_CoSo,dbo,CoSo,CoSoID,NO,,,LIVE_DB_SNAPSHOT_2026-08-02,
dbo,ServiceOrder,4,ServiceID,Mã dịch vụ,INT,INT,,10,0,NO,,NO,,,NO,,NO,,YES,FK_ServiceOrder_Service,dbo,SportService,ServiceID,NO,,,LIVE_DB_SNAPSHOT_2026-08-02,
dbo,ServiceOrder,5,BookingID,mã Booking,INT,INT,,10,0,YES,,NO,,,NO,,NO,,YES,FK_ServiceOrder_Booking,dbo,LichDatSan,DatSanID,NO,,,LIVE_DB_SNAPSHOT_2026-08-02,
dbo,ServiceOrder,6,Status,Status,NVARCHAR,NVARCHAR(30),30,,,NO,(N'PENDING_CONFIRMATION'),NO,,,NO,,NO,,NO,,,,,NO,,,LIVE_DB_SNAPSHOT_2026-08-02,
dbo,ServiceOrder,7,RequestedAt,RequestedAt,DATETIME2,DATETIME2,,,,NO,(sysutcdatetime()),NO,,,NO,,NO,,NO,,,,,NO,,,LIVE_DB_SNAPSHOT_2026-08-02,
dbo,ServiceOrder,8,AppointmentDate,AppointmentDate,DATE,DATE,,,,NO,,NO,,,NO,,NO,,NO,,,,,NO,,,LIVE_DB_SNAPSHOT_2026-08-02,
dbo,ServiceOrder,9,DropOffTime,DropOffTime,NVARCHAR,NVARCHAR(20),20,,,YES,,NO,,,NO,,NO,,NO,,,,,NO,,,LIVE_DB_SNAPSHOT_2026-08-02,
dbo,ServiceOrder,10,ExpectedPickupTime,ExpectedPickupTime,DATETIME2,DATETIME2,,,,YES,,NO,,,NO,,NO,,NO,,,,,NO,,,LIVE_DB_SNAPSHOT_2026-08-02,
dbo,ServiceOrder,11,ActualReceivedTime,ActualReceivedTime,DATETIME2,DATETIME2,,,,YES,,NO,,,NO,,NO,,NO,,,,,NO,,,LIVE_DB_SNAPSHOT_2026-08-02,
dbo,ServiceOrder,12,CompletedTime,CompletedTime,DATETIME2,DATETIME2,,,,YES,,NO,,,NO,,NO,,NO,,,,,NO,,,LIVE_DB_SNAPSHOT_2026-08-02,
dbo,ServiceOrder,13,DeliveredTime,DeliveredTime,DATETIME2,DATETIME2,,,,YES,,NO,,,NO,,NO,,NO,,,,,NO,,,LIVE_DB_SNAPSHOT_2026-08-02,
dbo,ServiceOrder,14,CancelledTime,CancelledTime,DATETIME2,DATETIME2,,,,YES,,NO,,,NO,,NO,,NO,,,,,NO,,,LIVE_DB_SNAPSHOT_2026-08-02,
dbo,ServiceOrder,15,CustomerNote,CustomerNote,NVARCHAR,NVARCHAR(500),500,,,YES,,NO,,,NO,,NO,,NO,,,,,NO,,,LIVE_DB_SNAPSHOT_2026-08-02,
dbo,ServiceOrder,16,ManagerNote,mã nagerNote,NVARCHAR,NVARCHAR(500),500,,,YES,,NO,,,NO,,NO,,NO,,,,,NO,,,LIVE_DB_SNAPSHOT_2026-08-02,
dbo,ServiceOrder,17,EstimatedPrice,EstimatedPrice,DECIMAL,"DECIMAL(12,2)",,12,2,NO,((0)),NO,,,NO,,NO,,NO,,,,,NO,,,LIVE_DB_SNAPSHOT_2026-08-02,
dbo,ServiceOrder,18,ConfirmedPrice,ConfirmedPrice,DECIMAL,"DECIMAL(12,2)",,12,2,YES,,NO,,,NO,,NO,,NO,,,,,NO,,,LIVE_DB_SNAPSHOT_2026-08-02,
dbo,ServiceOrder,19,CancellationReason,CancellationReason,NVARCHAR,NVARCHAR(500),500,,,YES,,NO,,,NO,,NO,,NO,,,,,NO,,,LIVE_DB_SNAPSHOT_2026-08-02,
dbo,ServiceOrder,20,CreatedAt,Thời điểm tạo,DATETIME2,DATETIME2,,,,NO,(sysutcdatetime()),NO,,,NO,,NO,,NO,,,,,NO,,,LIVE_DB_SNAPSHOT_2026-08-02,
dbo,ServiceOrder,21,UpdatedAt,Thời điểm cập nhật,DATETIME2,DATETIME2,,,,NO,(sysutcdatetime()),NO,,,NO,,NO,,NO,,,,,NO,,,LIVE_DB_SNAPSHOT_2026-08-02,
dbo,ServiceOrderStatusHistory,1,HistoryID,mã History,INT,INT,,10,0,NO,,YES,1,1,NO,,YES,1,NO,,,,,YES,,,LIVE_DB_SNAPSHOT_2026-08-02,
dbo,ServiceOrderStatusHistory,2,OrderID,Mã đơn dịch vụ,INT,INT,,10,0,NO,,NO,,,NO,,NO,,YES,FK_SOSH_Order,dbo,ServiceOrder,OrderID,NO,,,LIVE_DB_SNAPSHOT_2026-08-02,
dbo,ServiceOrderStatusHistory,3,FromStatus,FromStatus,NVARCHAR,NVARCHAR(30),30,,,YES,,NO,,,NO,,NO,,NO,,,,,NO,,,LIVE_DB_SNAPSHOT_2026-08-02,
dbo,ServiceOrderStatusHistory,4,ToStatus,ToStatus,NVARCHAR,NVARCHAR(30),30,,,NO,,NO,,,NO,,NO,,NO,,,,,NO,,,LIVE_DB_SNAPSHOT_2026-08-02,
dbo,ServiceOrderStatusHistory,5,ChangedBy,ChangedBy,INT,INT,,10,0,YES,,NO,,,NO,,NO,,YES,FK_SOSH_ChangedBy,dbo,Accounts,AccountID,NO,,,LIVE_DB_SNAPSHOT_2026-08-02,
dbo,ServiceOrderStatusHistory,6,ChangedAt,ChangedAt,DATETIME2,DATETIME2,,,,NO,(sysutcdatetime()),NO,,,NO,,NO,,NO,,,,,NO,,,LIVE_DB_SNAPSHOT_2026-08-02,
dbo,ServiceOrderStatusHistory,7,Note,Note,NVARCHAR,NVARCHAR(500),500,,,YES,,NO,,,NO,,NO,,NO,,,,,NO,,,LIVE_DB_SNAPSHOT_2026-08-02,
dbo,SoftHold,1,SoftHoldID,mã SoftHold,INT,INT,,10,0,NO,,NO,,,NO,,YES,1,NO,,,,,YES,,,LIVE_DB_SNAPSHOT_2026-08-02,
dbo,SoftHold,2,AccountID,Mã tài khoản,INT,INT,,10,0,NO,,NO,,,NO,,NO,,YES,FK_SoftHold_Account,dbo,Accounts,AccountID,NO,,,LIVE_DB_SNAPSHOT_2026-08-02,
dbo,SoftHold,3,SanID,Mã sân,INT,INT,,10,0,NO,,NO,,,NO,,NO,,YES,FK_SoftHold_San,dbo,San,SanID,NO,,,LIVE_DB_SNAPSHOT_2026-08-02,
dbo,SoftHold,4,NgayDat,ngày Dat,DATE,DATE,,,,NO,,NO,,,NO,,NO,,NO,,,,,NO,,,LIVE_DB_SNAPSHOT_2026-08-02,
dbo,SoftHold,5,GioBatDau,Giờ bắt đầu,TIME,TIME,,,,NO,,NO,,,NO,,NO,,NO,,,,,NO,,,LIVE_DB_SNAPSHOT_2026-08-02,
dbo,SoftHold,6,GioKetThuc,Giờ kết thúc,TIME,TIME,,,,NO,,NO,,,NO,,NO,,NO,,,,,NO,,,LIVE_DB_SNAPSHOT_2026-08-02,
dbo,SoftHold,7,CreatedTime,Thời điểm tạo,DATETIME,DATETIME,,,,NO,(getdate()),NO,,,NO,,NO,,NO,,,,,NO,,,LIVE_DB_SNAPSHOT_2026-08-02,
dbo,SportService,1,ServiceID,Mã dịch vụ,INT,INT,,10,0,NO,,YES,1,1,NO,,YES,1,NO,,,,,YES,,,LIVE_DB_SNAPSHOT_2026-08-02,
dbo,SportService,2,CoSoID,Mã cơ sở,INT,INT,,10,0,NO,,NO,,,NO,,NO,,YES,FK_SportService_CoSo,dbo,CoSo,CoSoID,NO,,,LIVE_DB_SNAPSHOT_2026-08-02,
dbo,SportService,3,ServiceType,ServiceType,NVARCHAR,NVARCHAR(30),30,,,NO,,NO,,,NO,,NO,,NO,,,,,NO,,,LIVE_DB_SNAPSHOT_2026-08-02,
dbo,SportService,4,ServiceName,ServiceName,NVARCHAR,NVARCHAR(150),150,,,NO,,NO,,,NO,,NO,,NO,,,,,NO,,,LIVE_DB_SNAPSHOT_2026-08-02,
dbo,SportService,5,SportType,SportType,NVARCHAR,NVARCHAR(50),50,,,YES,,NO,,,NO,,NO,,NO,,,,,NO,,,LIVE_DB_SNAPSHOT_2026-08-02,
dbo,SportService,6,Description,Description,NVARCHAR,NVARCHAR(1000),1000,,,YES,,NO,,,NO,,NO,,NO,,,,,NO,,,LIVE_DB_SNAPSHOT_2026-08-02,
dbo,SportService,7,BasePrice,BasePrice,DECIMAL,"DECIMAL(12,2)",,12,2,NO,((0)),NO,,,NO,,NO,,NO,,,,,NO,,,LIVE_DB_SNAPSHOT_2026-08-02,
dbo,SportService,8,Unit,Unit,NVARCHAR,NVARCHAR(30),30,,,YES,,NO,,,NO,,NO,,NO,,,,,NO,,,LIVE_DB_SNAPSHOT_2026-08-02,
dbo,SportService,9,EstimatedMinutes,EstimatedMinutes,INT,INT,,10,0,NO,((60)),NO,,,NO,,NO,,NO,,,,,NO,,,LIVE_DB_SNAPSHOT_2026-08-02,
dbo,SportService,10,MaxRequestsPerDay,mã xRequestsPerDay,INT,INT,,10,0,YES,,NO,,,NO,,NO,,NO,,,,,NO,,,LIVE_DB_SNAPSHOT_2026-08-02,
dbo,SportService,11,ReceiveTimeStart,ReceiveTimeStart,TIME,TIME,,,,YES,,NO,,,NO,,NO,,NO,,,,,NO,,,LIVE_DB_SNAPSHOT_2026-08-02,
dbo,SportService,12,ReceiveTimeEnd,ReceiveTimeEnd,TIME,TIME,,,,YES,,NO,,,NO,,NO,,NO,,,,,NO,,,LIVE_DB_SNAPSHOT_2026-08-02,
dbo,SportService,13,ImageUrl,ImageUrl,NVARCHAR,NVARCHAR(300),300,,,YES,,NO,,,NO,,NO,,NO,,,,,NO,,,LIVE_DB_SNAPSHOT_2026-08-02,
dbo,SportService,14,IsAcceptingRequests,cờ AcceptingRequests,BIT,BIT,,,,NO,((1)),NO,,,NO,,NO,,NO,,,,,NO,,,LIVE_DB_SNAPSHOT_2026-08-02,
dbo,SportService,15,Policy,Policy,NVARCHAR,NVARCHAR(1000),1000,,,YES,,NO,,,NO,,NO,,NO,,,,,NO,,,LIVE_DB_SNAPSHOT_2026-08-02,
dbo,SportService,16,CustomerNote,CustomerNote,NVARCHAR,NVARCHAR(500),500,,,YES,,NO,,,NO,,NO,,NO,,,,,NO,,,LIVE_DB_SNAPSHOT_2026-08-02,
dbo,SportService,17,IsDeleted,Đã xóa mềm,BIT,BIT,,,,NO,((0)),NO,,,NO,,NO,,NO,,,,,NO,,,LIVE_DB_SNAPSHOT_2026-08-02,
dbo,SportService,18,CreatedAt,Thời điểm tạo,DATETIME2,DATETIME2,,,,NO,(sysutcdatetime()),NO,,,NO,,NO,,NO,,,,,NO,,,LIVE_DB_SNAPSHOT_2026-08-02,
dbo,SportService,19,UpdatedAt,Thời điểm cập nhật,DATETIME2,DATETIME2,,,,NO,(sysutcdatetime()),NO,,,NO,,NO,,NO,,,,,NO,,,LIVE_DB_SNAPSHOT_2026-08-02,
dbo,SuCo,1,SuCoID,Mã sự cố,INT,INT,,10,0,YES,,NO,,,NO,,YES,1,NO,,,,,YES,,,MIGRATION_SQL,Từ sql/migration_guard_module.sql
dbo,SuCo,2,CoSoID,Mã cơ sở,INT,INT,,10,0,NO,,NO,,,NO,,NO,,YES,fk_suco_coso,dbo,CoSo,CoSoID,NO,,,MIGRATION_SQL,Từ sql/migration_guard_module.sql
dbo,SuCo,3,SanID,Mã sân,INT,INT,,10,0,YES,,NO,,,NO,,NO,,NO,,,,,NO,,,MIGRATION_SQL,Từ sql/migration_guard_module.sql
dbo,SuCo,4,BaoVeID,Mã bảo vệ,INT,INT,,10,0,NO,,NO,,,NO,,NO,,YES,fk_suco_baove,dbo,Accounts,AccountID,NO,,,MIGRATION_SQL,Từ sql/migration_guard_module.sql
dbo,SuCo,5,LoaiSuCo,Loại sự cố,ENUM,ENUM,"'VI_PHAM_NOI_QUY','HU_HONG_THIET_BI','SU_CO_AN_NINH','KHAC'",,,NO,,NO,,,NO,,NO,,NO,,,,,NO,,,MIGRATION_SQL,Từ sql/migration_guard_module.sql
dbo,SuCo,6,MucDo,Mức độ,ENUM,ENUM,"'THAP','TRUNG_BINH','CAO'",,,NO,'THAP',NO,,,NO,,NO,,NO,,,,,NO,,,MIGRATION_SQL,Từ sql/migration_guard_module.sql
dbo,SuCo,7,MoTa,Mô tả,TEXT,TEXT,,,,NO,,NO,,,NO,,NO,,NO,,,,,NO,,,MIGRATION_SQL,Từ sql/migration_guard_module.sql
dbo,SuCo,8,AnhUrl,Ảnh minh chứng,VARCHAR,VARCHAR(500),500,,,YES,,NO,,,NO,,NO,,NO,,,,,NO,,,MIGRATION_SQL,Từ sql/migration_guard_module.sql
dbo,SuCo,9,TrangThai,Trạng thái,ENUM,ENUM,"'CHO_XU_LY','DANG_XU_LY','DA_XONG'",,,NO,'CHO_XU_LY',NO,,,NO,,NO,,NO,,,,,NO,,,MIGRATION_SQL,Từ sql/migration_guard_module.sql
dbo,SuCo,10,GhiChuXuLy,Ghi chú xử lý,TEXT,TEXT,,,,YES,,NO,,,NO,,NO,,NO,,,,,NO,,,MIGRATION_SQL,Từ sql/migration_guard_module.sql
dbo,SuCo,11,ThoiGianTao,Thời gian tạo,DATETIME,DATETIME,,,,NO,CURRENT_TIMESTAMP,NO,,,NO,,NO,,NO,,,,,NO,,,MIGRATION_SQL,Từ sql/migration_guard_module.sql
dbo,SuCo,12,ThoiGianXuLy,Thời gian xử lý,DATETIME,DATETIME,,,,YES,,NO,,,NO,,NO,,NO,,,,,NO,,,MIGRATION_SQL,Từ sql/migration_guard_module.sql
dbo,SuCo,13,XuLyBoi,Người xử lý,INT,INT,,10,0,YES,,NO,,,NO,,NO,,NO,,,,,NO,,,MIGRATION_SQL,Từ sql/migration_guard_module.sql
dbo,sysdiagrams,1,name,name,NVARCHAR,NVARCHAR(128),128,,,NO,,NO,,,NO,,NO,,NO,,,,,NO,,,LIVE_DB_SNAPSHOT_2026-08-02,
dbo,sysdiagrams,2,principal_id,principal_id,INT,INT,,10,0,NO,,NO,,,NO,,NO,,NO,,,,,NO,,,LIVE_DB_SNAPSHOT_2026-08-02,
dbo,sysdiagrams,3,diagram_id,diagram_id,INT,INT,,10,0,NO,,NO,,,NO,,YES,1,NO,,,,,YES,,,LIVE_DB_SNAPSHOT_2026-08-02,
dbo,sysdiagrams,4,version,version,INT,INT,,10,0,YES,,NO,,,NO,,NO,,NO,,,,,NO,,,LIVE_DB_SNAPSHOT_2026-08-02,
dbo,sysdiagrams,5,definition,definition,VARBINARY,VARBINARY(MAX),MAX,,,YES,,NO,,,NO,,NO,,NO,,,,,NO,,,LIVE_DB_SNAPSHOT_2026-08-02,
dbo,TeamInvitations,1,InvitationID,mã Invitation,INT,INT,,10,0,NO,,YES,1,1,NO,,YES,1,NO,,,,,YES,,,MIGRATION_SQL,Từ sql/migration_team_management.sql
dbo,TeamInvitations,2,TeamID,mã Team,INT,INT,,10,0,NO,,NO,,,NO,,NO,,YES,FK_TeamInvitations_Team,dbo,Teams,TeamID,NO,,,MIGRATION_SQL,Từ sql/migration_team_management.sql
dbo,TeamInvitations,3,InvitedAccountID,mã InvitedAccount,INT,INT,,10,0,NO,,NO,,,NO,,NO,,YES,FK_TeamInvitations_Invited,dbo,Accounts,AccountID,NO,,,MIGRATION_SQL,Từ sql/migration_team_management.sql
dbo,TeamInvitations,4,InvitedByAccountID,mã InvitedByAccount,INT,INT,,10,0,NO,,NO,,,NO,,NO,,YES,FK_TeamInvitations_InvitedBy,dbo,Accounts,AccountID,NO,,,MIGRATION_SQL,Từ sql/migration_team_management.sql
dbo,TeamInvitations,5,ProposedRole,ProposedRole,VARCHAR,VARCHAR(30),30,,,NO,('MEMBER'),NO,,,NO,,NO,,NO,,,,,NO,,,MIGRATION_SQL,Từ sql/migration_team_management.sql
dbo,TeamInvitations,6,Status,Status,VARCHAR,VARCHAR(30),30,,,NO,('PENDING'),NO,,,NO,,NO,,NO,,,,,NO,,,MIGRATION_SQL,Từ sql/migration_team_management.sql
dbo,TeamInvitations,7,Message,Message,NVARCHAR,NVARCHAR(255),255,,,YES,,NO,,,NO,,NO,,NO,,,,,NO,,,MIGRATION_SQL,Từ sql/migration_team_management.sql
dbo,TeamInvitations,8,CreatedAt,Thời điểm tạo,DATETIME2,DATETIME2,,,,NO,(SYSUTCDATETIME(),NO,,,NO,,NO,,NO,,,,,NO,,,MIGRATION_SQL,Từ sql/migration_team_management.sql
dbo,TeamInvitations,9,ExpiresAt,Thời điểm hết hạn,DATETIME2,DATETIME2,,,,YES,,NO,,,NO,,NO,,NO,,,,,NO,,,MIGRATION_SQL,Từ sql/migration_team_management.sql
dbo,TeamInvitations,10,RespondedAt,RespondedAt,DATETIME2,DATETIME2,,,,YES,,NO,,,NO,,NO,,NO,,,,,NO,,,MIGRATION_SQL,Từ sql/migration_team_management.sql
dbo,TeamJoinRequests,1,JoinRequestID,mã JoinRequest,INT,INT,,10,0,NO,,YES,1,1,NO,,YES,1,NO,,,,,YES,,,MIGRATION_SQL,Từ sql/migration_team_management.sql
dbo,TeamJoinRequests,2,TeamID,mã Team,INT,INT,,10,0,NO,,NO,,,NO,,NO,,YES,FK_TeamJoinRequests_Team,dbo,Teams,TeamID,NO,,,MIGRATION_SQL,Từ sql/migration_team_management.sql
dbo,TeamJoinRequests,3,RequesterAccountID,mã RequesterAccount,INT,INT,,10,0,NO,,NO,,,NO,,NO,,YES,FK_TeamJoinRequests_Requester,dbo,Accounts,AccountID,NO,,,MIGRATION_SQL,Từ sql/migration_team_management.sql
dbo,TeamJoinRequests,4,Message,Message,NVARCHAR,NVARCHAR(255),255,,,YES,,NO,,,NO,,NO,,NO,,,,,NO,,,MIGRATION_SQL,Từ sql/migration_team_management.sql
dbo,TeamJoinRequests,5,Status,Status,VARCHAR,VARCHAR(30),30,,,NO,('PENDING'),NO,,,NO,,NO,,NO,,,,,NO,,,MIGRATION_SQL,Từ sql/migration_team_management.sql
dbo,TeamJoinRequests,6,CreatedAt,Thời điểm tạo,DATETIME2,DATETIME2,,,,NO,(SYSUTCDATETIME(),NO,,,NO,,NO,,NO,,,,,NO,,,MIGRATION_SQL,Từ sql/migration_team_management.sql
dbo,TeamJoinRequests,7,ReviewedAt,ReviewedAt,DATETIME2,DATETIME2,,,,YES,,NO,,,NO,,NO,,NO,,,,,NO,,,MIGRATION_SQL,Từ sql/migration_team_management.sql
dbo,TeamJoinRequests,8,ReviewedByAccountID,mã ReviewedByAccount,INT,INT,,10,0,YES,,NO,,,NO,,NO,,YES,FK_TeamJoinRequests_Reviewer,dbo,Accounts,AccountID,NO,,,MIGRATION_SQL,Từ sql/migration_team_management.sql
dbo,TeamMembers,1,TeamMemberID,mã TeamMember,INT,INT,,10,0,NO,,YES,1,1,NO,,YES,1,NO,,,,,YES,,,MIGRATION_SQL,Từ sql/migration_team_management.sql
dbo,TeamMembers,2,TeamID,mã Team,INT,INT,,10,0,NO,,NO,,,NO,,NO,,YES,FK_TeamMembers_Team,dbo,Teams,TeamID,NO,,,MIGRATION_SQL,Từ sql/migration_team_management.sql
dbo,TeamMembers,3,AccountID,Mã tài khoản,INT,INT,,10,0,NO,,NO,,,NO,,NO,,YES,FK_TeamMembers_Account,dbo,Accounts,AccountID,NO,,,MIGRATION_SQL,Từ sql/migration_team_management.sql
dbo,TeamMembers,4,MemberRole,MemberRole,VARCHAR,VARCHAR(30),30,,,NO,,NO,,,NO,,NO,,NO,,,,,NO,,,MIGRATION_SQL,Từ sql/migration_team_management.sql
dbo,TeamMembers,5,MemberStatus,MemberStatus,VARCHAR,VARCHAR(30),30,,,NO,('ACTIVE'),NO,,,NO,,NO,,NO,,,,,NO,,,MIGRATION_SQL,Từ sql/migration_team_management.sql
dbo,TeamMembers,6,JoinedAt,JoinedAt,DATETIME2,DATETIME2,,,,NO,(SYSUTCDATETIME(),NO,,,NO,,NO,,NO,,,,,NO,,,MIGRATION_SQL,Từ sql/migration_team_management.sql
dbo,TeamMembers,7,LeftAt,LeftAt,DATETIME2,DATETIME2,,,,YES,,NO,,,NO,,NO,,NO,,,,,NO,,,MIGRATION_SQL,Từ sql/migration_team_management.sql
dbo,TeamMembers,8,AddedBy,AddedBy,INT,INT,,10,0,YES,,NO,,,NO,,NO,,NO,,,,,NO,,,MIGRATION_SQL,Từ sql/migration_team_management.sql
dbo,Teams,1,TeamID,mã Team,INT,INT,,10,0,NO,,YES,1,1,NO,,YES,1,NO,,,,,YES,,,MIGRATION_SQL,Từ sql/migration_team_management.sql
dbo,Teams,2,TeamName,TeamName,NVARCHAR,NVARCHAR(50),50,,,NO,,NO,,,NO,,NO,,NO,,,,,NO,,,MIGRATION_SQL,Từ sql/migration_team_management.sql
dbo,Teams,3,Description,Description,NVARCHAR,NVARCHAR(225),225,,,YES,,NO,,,NO,,NO,,NO,,,,,NO,,,MIGRATION_SQL,Từ sql/migration_team_management.sql
dbo,Teams,4,SportID,mã Sport,INT,INT,,10,0,NO,,NO,,,NO,,NO,,YES,FK_Teams_Sport,dbo,MonTheThao,MonTheThaoID,NO,,,MIGRATION_SQL,Từ sql/migration_team_management.sql
dbo,Teams,5,CaptainAccountID,mã CaptainAccount,INT,INT,,10,0,NO,,NO,,,NO,,NO,,YES,FK_Teams_Captain,dbo,Accounts,AccountID,NO,,,MIGRATION_SQL,Từ sql/migration_team_management.sql
dbo,Teams,6,LocationText,LocationText,NVARCHAR,NVARCHAR(255),255,,,YES,,NO,,,NO,,NO,,NO,,,,,NO,,,MIGRATION_SQL,Từ sql/migration_team_management.sql
dbo,Teams,7,AvatarPath,AvatarPath,NVARCHAR,NVARCHAR(500),500,,,YES,,NO,,,NO,,NO,,NO,,,,,NO,,,MIGRATION_SQL,Từ sql/migration_team_management.sql
dbo,Teams,8,CoverImagePath,CoverImagePath,NVARCHAR,NVARCHAR(500),500,,,YES,,NO,,,NO,,NO,,NO,,,,,NO,,,MIGRATION_SQL,Từ sql/migration_team_management.sql
dbo,Teams,9,MaxMembers,mã xMembers,INT,INT,,10,0,NO,,NO,,,NO,,NO,,NO,,,,,NO,,,MIGRATION_SQL,Từ sql/migration_team_management.sql
dbo,Teams,10,Status,Status,VARCHAR,VARCHAR(30),30,,,NO,('ACTIVE'),NO,,,NO,,NO,,NO,,,,,NO,,,MIGRATION_SQL,Từ sql/migration_team_management.sql
dbo,Teams,11,CreatedAt,Thời điểm tạo,DATETIME2,DATETIME2,,,,NO,(SYSUTCDATETIME(),NO,,,NO,,NO,,NO,,,,,NO,,,MIGRATION_SQL,Từ sql/migration_team_management.sql
dbo,Teams,12,UpdatedAt,Thời điểm cập nhật,DATETIME2,DATETIME2,,,,YES,,NO,,,NO,,NO,,NO,,,,,NO,,,MIGRATION_SQL,Từ sql/migration_team_management.sql
dbo,Teams,13,IsDeleted,Đã xóa mềm,BIT,BIT,,,,NO,(0),NO,,,NO,,NO,,NO,,,,,NO,,,MIGRATION_SQL,Từ sql/migration_team_management.sql
dbo,Teams,14,DeletedAt,Thời điểm xóa,DATETIME2,DATETIME2,,,,YES,,NO,,,NO,,NO,,NO,,,,,NO,,,MIGRATION_SQL,Từ sql/migration_team_management.sql
dbo,Teams,15,DeletedBy,Người xóa,INT,INT,,10,0,YES,,NO,,,NO,,NO,,NO,,,,,NO,,,MIGRATION_SQL,Từ sql/migration_team_management.sql
dbo,TheGiuXe,1,TheID,Mã thẻ xe,INT,INT,,10,0,NO,,YES,1,1,NO,,YES,1,NO,,,,,YES,,,LIVE_DB_SNAPSHOT_2026-08-02,
dbo,TheGiuXe,2,CoSoID,Mã cơ sở,INT,INT,,10,0,NO,,NO,,,NO,,NO,,YES,FK_TheGiuXe_CoSo,dbo,CoSo,CoSoID,NO,,,LIVE_DB_SNAPSHOT_2026-08-02,
dbo,TheGiuXe,3,MaSoThe,mã SoThe,VARCHAR,VARCHAR(20),20,,,NO,,NO,,,NO,,NO,,NO,,,,,NO,,,LIVE_DB_SNAPSHOT_2026-08-02,
dbo,TheGiuXe,4,LoaiXe,loại Xe,NVARCHAR,NVARCHAR(20),20,,,YES,,NO,,,NO,,NO,,NO,,,,,NO,,,LIVE_DB_SNAPSHOT_2026-08-02,
dbo,TheGiuXe,5,TrangThai,Trạng thái,NVARCHAR,NVARCHAR(20),20,,,YES,(N'Trống'),NO,,,NO,,NO,,NO,,,,,NO,,,LIVE_DB_SNAPSHOT_2026-08-02,
dbo,TheGiuXe,6,SucChua,SucChua,INT,INT,,10,0,YES,,NO,,,NO,,NO,,NO,,,,,NO,,,LIVE_DB_SNAPSHOT_2026-08-02,
dbo,TheGiuXe,7,GiaVeTheoLuot,GiaVeTheoLuot,DECIMAL,"DECIMAL(18,2)",,18,2,YES,((0)),NO,,,NO,,NO,,NO,,,,,NO,,,LIVE_DB_SNAPSHOT_2026-08-02,
dbo,ThongBao,1,ThongBaoID,mã ThongBao,INT,INT,,10,0,NO,,YES,1,1,NO,,YES,1,NO,,,,,YES,,,LIVE_DB_SNAPSHOT_2026-08-02,
dbo,ThongBao,2,AccountID,Mã tài khoản,INT,INT,,10,0,NO,,NO,,,NO,,NO,,YES,FK_TB_Account,dbo,Accounts,AccountID,NO,,,LIVE_DB_SNAPSHOT_2026-08-02,
dbo,ThongBao,3,TieuDe,Tiêu đề,NVARCHAR,NVARCHAR(200),200,,,NO,,NO,,,NO,,NO,,NO,,,,,NO,,,LIVE_DB_SNAPSHOT_2026-08-02,
dbo,ThongBao,4,NoiDung,Nội dung,NVARCHAR,NVARCHAR(MAX),MAX,,,YES,,NO,,,NO,,NO,,NO,,,,,NO,,,LIVE_DB_SNAPSHOT_2026-08-02,
dbo,ThongBao,5,LoaiThongBao,Loại thông báo,NVARCHAR,NVARCHAR(50),50,,,YES,,NO,,,NO,,NO,,NO,,,,,NO,,,LIVE_DB_SNAPSHOT_2026-08-02,
dbo,ThongBao,6,DaDoc,Đã đọc,BIT,BIT,,,,YES,((0)),NO,,,NO,,NO,,NO,,,,,NO,,,LIVE_DB_SNAPSHOT_2026-08-02,
dbo,ThongBao,7,ThoiGianGui,Thời gian gửi,DATETIME,DATETIME,,,,YES,(getdate()),NO,,,NO,,NO,,NO,,,,,NO,,,LIVE_DB_SNAPSHOT_2026-08-02,
dbo,ThongBao,8,MaBanGhi,Mã bản ghi liên quan,INT,INT,,10,0,YES,,NO,,,NO,,NO,,NO,,,,,NO,,,LIVE_DB_SNAPSHOT_2026-08-02,
dbo,ThongBao,9,DuongDan,DuongDan,VARCHAR,VARCHAR(500),500,,,YES,,NO,,,NO,,NO,,NO,,,,,NO,,,LIVE_DB_SNAPSHOT_2026-08-02,
dbo,ThongBao,10,IsDeleted,Đã xóa mềm,BIT,BIT,,,,NO,((0)),NO,,,NO,,NO,,NO,,,,,NO,,,LIVE_DB_SNAPSHOT_2026-08-02,
dbo,ThongBao,11,DeletedAt,Thời điểm xóa,DATETIME,DATETIME,,,,YES,,NO,,,NO,,NO,,NO,,,,,NO,,,LIVE_DB_SNAPSHOT_2026-08-02,
dbo,ThongBao,12,DeletedBy,Người xóa,INT,INT,,10,0,YES,,NO,,,NO,,NO,,NO,,,,,NO,,,LIVE_DB_SNAPSHOT_2026-08-02,
dbo,YeuCauNghi,1,YeuCauNghiID,Mã yêu cầu nghỉ,INT,INT,,10,0,NO,,NO,,,NO,,YES,1,NO,,,,,YES,,,LIVE_DB_SNAPSHOT_2026-08-02,
dbo,YeuCauNghi,2,AccountID,Mã tài khoản,INT,INT,,10,0,NO,,NO,,,NO,,NO,,YES,FK__YeuCauNgh__Accou__3E1D39E1,dbo,Accounts,AccountID,NO,,,LIVE_DB_SNAPSHOT_2026-08-02,
dbo,YeuCauNghi,3,CoSoID,Mã cơ sở,INT,INT,,10,0,NO,,NO,,,NO,,NO,,YES,FK__YeuCauNgh__CoSoI__3F115E1A,dbo,CoSo,CoSoID,NO,,,LIVE_DB_SNAPSHOT_2026-08-02,
dbo,YeuCauNghi,4,NgayNghi,ngày Nghi,DATE,DATE,,,,NO,,NO,,,NO,,NO,,NO,,,,,NO,,,LIVE_DB_SNAPSHOT_2026-08-02,
dbo,YeuCauNghi,5,LoaiNghi,loại Nghi,VARCHAR,VARCHAR(50),50,,,NO,,NO,,,NO,,NO,,NO,,,,,NO,,,LIVE_DB_SNAPSHOT_2026-08-02,
dbo,YeuCauNghi,6,LyDo,Lý do,NVARCHAR,NVARCHAR(500),500,,,YES,,NO,,,NO,,NO,,NO,,,,,NO,,,LIVE_DB_SNAPSHOT_2026-08-02,
dbo,YeuCauNghi,7,MucDoKhanCap,MucDoKhanCap,BIT,BIT,,,,YES,((0)),NO,,,NO,,NO,,NO,,,,,NO,,,LIVE_DB_SNAPSHOT_2026-08-02,
dbo,YeuCauNghi,8,TrangThai,Trạng thái,VARCHAR,VARCHAR(20),20,,,NO,('ChoDuyet'),NO,,,NO,,NO,,NO,,,,,NO,,,LIVE_DB_SNAPSHOT_2026-08-02,
dbo,YeuCauNghi,9,GhiChuQuanLy,Ghi chú của quản lý,NVARCHAR,NVARCHAR(500),500,,,YES,,NO,,,NO,,NO,,NO,,,,,NO,,,LIVE_DB_SNAPSHOT_2026-08-02,
dbo,YeuCauNghi,10,NgayXuLy,Ngày xử lý,DATETIME,DATETIME,,,,YES,,NO,,,NO,,NO,,NO,,,,,NO,,,LIVE_DB_SNAPSHOT_2026-08-02,
dbo,YeuCauNghi,11,XuLyBy,Người xử lý,INT,INT,,10,0,YES,,NO,,,NO,,NO,,YES,FK__YeuCauNgh__XuLyB__40058253,dbo,Accounts,AccountID,NO,,,LIVE_DB_SNAPSHOT_2026-08-02,
dbo,YeuCauNghi,12,NgayGui,ngày Gui,DATETIME,DATETIME,,,,YES,(getdate()),NO,,,NO,,NO,,NO,,,,,NO,,,LIVE_DB_SNAPSHOT_2026-08-02,
dbo,YeuCauNghi,13,CreatedAt,Thời điểm tạo,DATETIME,DATETIME,,,,YES,(getdate()),NO,,,NO,,NO,,NO,,,,,NO,,,LIVE_DB_SNAPSHOT_2026-08-02,
dbo,YeuCauNghi,14,UpdatedAt,Thời điểm cập nhật,DATETIME,DATETIME,,,,YES,(getdate()),NO,,,NO,,NO,,NO,,,,,NO,,,LIVE_DB_SNAPSHOT_2026-08-02,
dbo,YeuCauNghi,15,QuanLyXuLy,QuanLyXuLy,VARCHAR,VARCHAR(255),255,,,YES,,NO,,,NO,,NO,,NO,,,,,NO,,,LIVE_DB_SNAPSHOT_2026-08-02,
dbo,YeuCauNghi,16,RoleName,Tên vai trò,VARCHAR,VARCHAR(255),255,,,YES,,NO,,,NO,,NO,,NO,,,,,NO,,,LIVE_DB_SNAPSHOT_2026-08-02,
dbo,YeuCauNghi,17,SoCaBiAnhHuong,SoCaBiAnhHuong,INT,INT,,10,0,YES,,NO,,,NO,,NO,,NO,,,,,NO,,,LIVE_DB_SNAPSHOT_2026-08-02,
dbo,YeuCauNghi,18,TenCoSo,tên CoSo,VARCHAR,VARCHAR(255),255,,,YES,,NO,,,NO,,NO,,NO,,,,,NO,,,LIVE_DB_SNAPSHOT_2026-08-02,
dbo,YeuCauNghi,19,TenNhanVien,tên NhanVien,VARCHAR,VARCHAR(255),255,,,YES,,NO,,,NO,,NO,,NO,,,,,NO,,,LIVE_DB_SNAPSHOT_2026-08-02,
dbo,YeuCauNghi,20,username,username,VARCHAR,VARCHAR(255),255,,,YES,,NO,,,NO,,NO,,NO,,,,,NO,,,LIVE_DB_SNAPSHOT_2026-08-02,
dbo,YeuCauNghi,21,IsDeleted,Đã xóa mềm,BIT,BIT,,,,NO,((0)),NO,,,NO,,NO,,NO,,,,,NO,,,LIVE_DB_SNAPSHOT_2026-08-02,
dbo,YeuCauNghi,22,DeletedAt,Thời điểm xóa,DATETIME,DATETIME,,,,YES,,NO,,,NO,,NO,,NO,,,,,NO,,,LIVE_DB_SNAPSHOT_2026-08-02,
dbo,YeuCauNghi,23,DeletedBy,Người xóa,INT,INT,,10,0,YES,,NO,,,NO,,NO,,NO,,,,,NO,,,LIVE_DB_SNAPSHOT_2026-08-02,
dbo,YeuCauNghi_Audit,1,AuditID,mã Audit,INT,INT,,10,0,NO,,NO,,,NO,,YES,1,NO,,,,,YES,,,LIVE_DB_SNAPSHOT_2026-08-02,
dbo,YeuCauNghi_Audit,2,YeuCauNghiID,Mã yêu cầu nghỉ,INT,INT,,10,0,NO,,NO,,,NO,,NO,,YES,FK__YeuCauNgh__YeuCa__43D61337,dbo,YeuCauNghi,YeuCauNghiID,NO,,,LIVE_DB_SNAPSHOT_2026-08-02,
dbo,YeuCauNghi_Audit,3,ThaoTac,ThaoTac,VARCHAR,VARCHAR(50),50,,,NO,,NO,,,NO,,NO,,NO,,,,,NO,,,LIVE_DB_SNAPSHOT_2026-08-02,
dbo,YeuCauNghi_Audit,4,NguoiThucHien,NguoiThucHien,INT,INT,,10,0,NO,,NO,,,NO,,NO,,YES,FK__YeuCauNgh__Nguoi__44CA3770,dbo,Accounts,AccountID,NO,,,LIVE_DB_SNAPSHOT_2026-08-02,
dbo,YeuCauNghi_Audit,5,ThoiGian,ThoiGian,DATETIME,DATETIME,,,,YES,(getdate()),NO,,,NO,,NO,,NO,,,,,NO,,,LIVE_DB_SNAPSHOT_2026-08-02,
dbo,YeuCauNghi_Audit,6,GiaTriCu,GiaTriCu,NVARCHAR,NVARCHAR(MAX),MAX,,,YES,,NO,,,NO,,NO,,NO,,,,,NO,,,LIVE_DB_SNAPSHOT_2026-08-02,
dbo,YeuCauNghi_Audit,7,GiaTriMoi,GiaTriMoi,NVARCHAR,NVARCHAR(MAX),MAX,,,YES,,NO,,,NO,,NO,,NO,,,,,NO,,,LIVE_DB_SNAPSHOT_2026-08-02,
dbo,YeuCauSOS,1,YeuCauSOSID,Mã yêu cầu SOS,INT,INT,,10,0,NO,,YES,1,1,NO,,YES,1,NO,,,,,YES,,,LIVE_DB_SNAPSHOT_2026-08-02,
dbo,YeuCauSOS,2,AccountID_Tao,AccountID_Tao,INT,INT,,10,0,NO,,NO,,,NO,,NO,,YES,FK_SOS_Account,dbo,Accounts,AccountID,NO,,,LIVE_DB_SNAPSHOT_2026-08-02,
dbo,YeuCauSOS,3,DatSanID,Mã đặt sân,INT,INT,,10,0,YES,,NO,,,NO,,NO,,YES,FK_SOS_DatSan,dbo,LichDatSan,DatSanID,NO,,,LIVE_DB_SNAPSHOT_2026-08-02,
dbo,YeuCauSOS,4,MonTheThaoID,Mã môn thể thao,INT,INT,,10,0,YES,,NO,,,NO,,NO,,YES,FK_SOS_Mon,dbo,MonTheThao,MonTheThaoID,NO,,,LIVE_DB_SNAPSHOT_2026-08-02,
dbo,YeuCauSOS,5,SoNguoiCanTuyen,SoNguoiCanTuyen,INT,INT,,10,0,NO,,NO,,,NO,,NO,,NO,,,,,NO,,,LIVE_DB_SNAPSHOT_2026-08-02,
dbo,YeuCauSOS,6,ViTriCanTuyen,ViTriCanTuyen,NVARCHAR,NVARCHAR(100),100,,,YES,,NO,,,NO,,NO,,NO,,,,,NO,,,LIVE_DB_SNAPSHOT_2026-08-02,
dbo,YeuCauSOS,7,GhiChu,Ghi chú,NVARCHAR,NVARCHAR(MAX),MAX,,,YES,,NO,,,NO,,NO,,NO,,,,,NO,,,LIVE_DB_SNAPSHOT_2026-08-02,
dbo,YeuCauSOS,8,TrangThai,Trạng thái,NVARCHAR,NVARCHAR(50),50,,,YES,(N'Đang tuyển'),NO,,,NO,,NO,,NO,,,,,NO,,,LIVE_DB_SNAPSHOT_2026-08-02,
dbo,YeuCauSOS,9,ThoiGianTao,Thời gian tạo,DATETIME,DATETIME,,,,YES,(getdate()),NO,,,NO,,NO,,NO,,,,,NO,,,LIVE_DB_SNAPSHOT_2026-08-02,
dbo,YeuCauUngLuong,1,YeuCauUngLuongID,Mã yêu cầu ứng lương,INT,INT,,10,0,YES,,YES,1,1,NO,,YES,1,NO,,,,,YES,,,MIGRATION_SQL,Từ sql/migration_salary.sql
dbo,YeuCauUngLuong,2,AccountID,Mã tài khoản,INT,INT,,10,0,NO,,NO,,,NO,,NO,,YES,FK_YeuCauUngLuong_AccountID,dbo,Accounts,AccountID,NO,,,MIGRATION_SQL,Từ sql/migration_salary.sql
dbo,YeuCauUngLuong,3,CoSoID,Mã cơ sở,INT,INT,,10,0,NO,,NO,,,NO,,NO,,YES,FK_YeuCauUngLuong_CoSoID,dbo,CoSo,CoSoID,NO,,,MIGRATION_SQL,Từ sql/migration_salary.sql
dbo,YeuCauUngLuong,4,SoTienUng,Số tiền ứng,DECIMAL,"DECIMAL(18,0)",,18,0,NO,,NO,,,NO,,NO,,NO,,,,,NO,,,MIGRATION_SQL,Từ sql/migration_salary.sql
dbo,YeuCauUngLuong,5,LyDo,Lý do,NVARCHAR,NVARCHAR(500),500,,,YES,,NO,,,NO,,NO,,NO,,,,,NO,,,MIGRATION_SQL,Từ sql/migration_salary.sql
dbo,YeuCauUngLuong,6,TrangThai,Trạng thái,VARCHAR,VARCHAR(20),20,,,NO,'ChoDuyet',NO,,,NO,,NO,,NO,,,,,NO,,,MIGRATION_SQL,Từ sql/migration_salary.sql
dbo,YeuCauUngLuong,7,GhiChuQuanLy,Ghi chú của quản lý,NVARCHAR,NVARCHAR(500),500,,,YES,,NO,,,NO,,NO,,NO,,,,,NO,,,MIGRATION_SQL,Từ sql/migration_salary.sql
dbo,YeuCauUngLuong,8,XuLyBy,Người xử lý,INT,INT,,10,0,YES,,NO,,,NO,,NO,,YES,FK_YeuCauUngLuong_XuLyBy,dbo,Accounts,AccountID,NO,,,MIGRATION_SQL,Từ sql/migration_salary.sql
dbo,YeuCauUngLuong,9,NgayXuLy,Ngày xử lý,DATETIME,DATETIME,,,,YES,,NO,,,NO,,NO,,NO,,,,,NO,,,MIGRATION_SQL,Từ sql/migration_salary.sql
dbo,YeuCauUngLuong,10,CreatedAt,Thời điểm tạo,DATETIME,DATETIME,,,,NO,GETDATE(),NO,,,NO,,NO,,NO,,,,,NO,,,MIGRATION_SQL,Từ sql/migration_salary.sql
